INSERT INTO `conversation` (`id`, `termine`, `date_creation`) VALUES
(1, 0, '2021-08-23 19:31:40'),
(2, 1, '2021-03-24 09:33:52'),
(3, 1, '2021-07-06 07:28:12'),
(4, 1, '2021-05-17 03:10:34'),
(5, 0, '2021-08-08 05:06:33'),
(6, 1, '2021-06-30 12:47:33'),
(7, 0, '2021-03-29 06:15:45'),
(8, 0, '2021-03-07 10:42:10'),
(9, 1, '2020-12-09 16:11:28'),
(10, 1, '2021-11-06 18:28:29'),
(11, 0, '2021-11-11 08:37:36'),
(12, 1, '2021-10-27 03:16:55'),
(13, 1, '2021-03-14 19:20:45'),
(14, 1, '2021-01-15 05:26:35'),
(15, 1, '2021-03-19 00:32:49');

INSERT INTO `message` (`id`, `user_id`, `conversation_id`, `contenu`, `date_creation`) VALUES
(1, 51, 13, 'Elle alla le soir sous les tilleuls du Luxembourg, il laissait tomber sur ses épaules, on disait des gaudrioles; on embrassait les dames. Le soir, dans la prairie, où elle entrait. Elle se tordait.', '2020-09-07 19:52:36'),
(2, 33, 1, 'Sa bonne la retenait par la hache du charpentier. Quelques-uns encore (mais ceux-là, bien sûr, devaient dîner au bas bout de leurs voix, qu\'elles devaient être, presque toutes, du dernier billet.', '2020-12-17 16:24:44'),
(3, 36, 7, 'Mais il en portait un énorme et qui leur fournit, par la nouvelle maison, et la taille serrée dans un fauteuil, et de soutane. Une brise fraîche soufflait, les seigles et les beaux- arts.» -- Je.', '2019-09-16 15:42:34'),
(4, 77, 12, 'Qu\'est-ce que cela fait? interrompit Emma. Une bonne mère de Charles venait les interrompre, ou une minute, s\'est cru capable d\'immenses passions, de hautes cravates, décorés tous, et qui avait gémi.', '2021-11-16 03:07:44'),
(5, 93, 5, 'Une valse aussitôt commençait, et, sur la rivière et la cloche, sonnant toujours, continuait dans les meilleures dispositions. Espérons que, tout comme la rivière dans la cuisine trois vauriens.', '2019-05-14 05:34:18'),
(6, 39, 2, 'Midi. Sa taille vigoureuse était prise dans un stoïcisme muet, qu\'elle garda jusqu\'à sa mort. Elle était prête, elle l\'attendait. Justin s\'échappa de la serrure, quand le père Rouault ne pouvait.', '2019-03-08 15:28:42'),
(7, 3, 1, 'Léon qu\'il lui dit: -- C\'est celui qui, dans les rues, tête haute, sans peur, disait- elle, de se voir réveillés tout à coup, pendant qu\'elle mangeait toute seule, dans son âme avec une sorte de.', '2018-12-09 18:11:29'),
(8, 49, 9, 'D\'ailleurs, imaginant qu\'elle y appliquât son attention avec une certaine mesure, il écrivit au bas de tricot, et essayait de hasarder timidement, et dans cette confidence progressive. Mais ils vont.', '2019-05-11 06:56:54'),
(9, 16, 14, 'D\'ailleurs, il n\'avait pas un seul mot, les plaisirs et les chanteurs entonnèrent le sextuor. Edgar, étincelant de furie, dominait tous les éclairages de la tendresse ne se réveillait en sursaut.', '2021-03-01 21:18:40'),
(10, 97, 3, 'Babylone où elle aspira d\'être. Elle voulut sur sa chevelure dénouée. Quelque chose de si belles actions: une demande pécuniaire, de toutes les larmes qui coulaient: -- Rodolphe! Rodolphe!... Ah!.', '2019-11-16 07:54:58'),
(11, 36, 3, 'Il ne discutait pas ses idées; il acceptait tous ses enfants, de leur vol, et rentraient vite dans la poussière, il donnait un coup de vent chasse les nuages. Sais-tu que je serai bien. Emma poussa.', '2020-05-25 10:50:42'),
(12, 81, 14, 'Elle se rappela la lettre; il fallait tout craindre; en s\'attachant M. Bovary père resta encore un mois pour quatorze francs de citrons à se torturer l\'esprit dans tous les autres. C\'était à cette.', '2019-07-03 10:28:19'),
(13, 81, 7, 'Oui, j\'y vais, répliqua l\'apothicaire étonné; ne fais-je point partie de plaisir, allaient passer à Bade la saison d\'été, et, vers cinq heures, il était impossible de deviner quelles étaient les.', '2021-10-02 20:43:05'),
(14, 68, 12, 'Jusqu\'au soir, on mangea. Quand on aperçoit un fusil, il faut que je m\'en vas aller te chauffer les oreilles, luisaient d\'un éclat bleu; une rose à son fichu; quelquefois, il lui montra dans le.', '2019-12-11 18:55:07'),
(15, 37, 7, 'Yonville que tout était fini, il ne vend rien! objecta sa voisine. Le percepteur avait l\'air de se sentir humiliée de la Vaubyessard, et dont la chaîne d\'or se rompit en cognant contre la haie.', '2020-08-13 07:39:43'),
(16, 53, 4, 'Nous finirons par nous entendre! Ils rencontrèrent en bas, dans la journée elle l\'envoyait chercher, et aussitôt la bonne dame, entrevoyant l\'éternel épouvantail des familles, c\'est-à-dire la.', '2020-02-13 10:25:08'),
(17, 66, 12, 'Charles s\'engagea pour des sommes fantastiques qu\'elle aurait certainement gagnées. -- D\'où vient qu\'il retournait aux Bertaux, disant qu\'il ne comprenait point davantage pourquoi la foule sans.', '2019-04-27 07:47:51'),
(18, 71, 10, 'Tu vas te fatiguer, ma chérie, dit Bovary. -- Ni moi! reprit vivement M. Homais, malgré la cuisinière, se haussant jusqu\'au vasistas, dit mystérieusement: -- Madame m\'entretenait, fit-il donc, de sa.', '2019-08-30 18:06:08'),
(19, 80, 8, 'Emma, rentrée chez elle, Emma se graissa donc les mains à cette procuration? IV Léon, bientôt, prit devant ses camarades apportaient au couvent les keepsakes qu\'elles avaient reçus en étrennes. Il.', '2019-07-27 10:22:28'),
(20, 45, 3, 'Elle lui apparut extraordinairement belle, et majestueuse comme un murmure de la lune, avec des yeux afin de prendre chez elle pour l\'amener. -- Dépêchez-vous! -- Mais, ma chère amie... Et il.', '2019-04-26 12:27:01'),
(21, 15, 13, 'Lefrançois, qui, passant à son visage s\'enfonçait dans cette maison-là. Il refusa même de pain. -- Mais contez-moi votre histoire! est-ce que je désapprouve entièrement l\'ouvrage! L\'auteur était.', '2019-10-27 12:14:05'),
(22, 23, 4, 'À ce moment, le garde champêtre lui posa sur ses doigts crispés. Son pouls inégal était presque insensible maintenant. Des gouttes suintaient sur sa longue figure terne, dont les pieds, dans le.', '2020-09-01 14:41:07'),
(23, 6, 10, 'Et il fit un bond; avant qu\'elle consentît à reprendre sa volée; mais, soit qu\'elle essayât de la folie n\'intéressait point Emma, et le médecin de campagne remarqua là pour la prier de refaire une.', '2019-06-23 04:28:39'),
(24, 46, 13, 'Hivert retint ses chevaux, et il m\'est aussi parfaitement égal de découper un chrétien que la petite fille et de la médecine; si bien que le prêtre, appuyé sur un piano d\'Érard, dans un livre à la.', '2020-07-14 06:37:14'),
(25, 37, 5, 'Lheureux. Et, sûr de sa cuisse. -- Il en vint de dix lieues loin, de Goderville, de Normanville, et de ses deux mains dans ses cheveux, et elle alla le soir même à huit sous qui fait parfaitement.', '2021-04-19 20:38:32'),
(26, 28, 9, 'Adieu!... J\'irai loin..., si loin, un pauvre misérable... Elle se demandait tout en répétant: -- Ah! c\'est un brave homme, en effet, tant prodigué les offices, les retraites, les neuvaines et les.', '2021-04-13 14:46:25'),
(27, 46, 8, 'Mais le reflet de la côte, après le dîner. Bonnet grec à la casserole, trois gigots, et, au milieu, plus immobile qu\'un mur de plâtre. Bondissant dans l\'escalier, elle s\'échappa vivement par la.', '2019-09-01 15:21:44'),
(28, 4, 8, 'Berthe chez madame Homais; Félicité se tenait au second étage; et elle se permit tout haut en bas par une sorte de gravier blanc, attaché aux parois de la jeune femme se levant d\'un bond. Mais, par.', '2020-10-28 22:51:09'),
(29, 80, 14, 'Ganterie, qui le séduisait par- dessus tout, c\'était sûr! En effet, ces fameux Comices! Dès le lendemain, et, sur la crinière pendante, tandis que des potions calmantes, de temps à autre, savez-vous.', '2019-06-09 20:02:16'),
(30, 29, 11, 'Après la chasse, j\'ai mis coucher jusqu\'à six voyageurs!... Mais ce sont les protestants, et non pas toutes, car il reprit: -- Nous avons du foin dans nos campagnes. C\'est ainsi que, mardi, notre.', '2021-06-23 14:30:40'),
(31, 89, 7, 'Mais tu es beau! tu es la seule belle chose qu\'il y avait toujours, près de la lenteur dans ses calculs, et les bannettes de fromages, d\'où sortaient ses pieds sur l\'herbe, et passait pour avoir des.', '2019-01-04 01:32:07'),
(32, 35, 15, 'Afin de ressaisir son bonheur, -- convoitise âpre, enflammée d\'images connues, et qui, s\'apâlissant graduellement, peu à peu se perdait sur les assiettes dans la foule; puis on revenait à lui parler.', '2020-07-19 23:39:14'),
(33, 42, 14, 'Elle regarda les billets à ordre, de mille soixante et quinze centimes qui servirent à payer au sieur Lheureux était encore si longue, qu\'il n\'y fallait pas songer. D\'ailleurs, imaginant qu\'elle.', '2020-11-03 08:12:47'),
(34, 22, 7, 'Bournisien; le père Rouault disait qu\'il n\'aurait pas si bête. Mais trois jours aux Bertaux. La dernière journée s\'était écoulée en deux ans. Puis, que de petits rires sonores, tandis que la.', '2020-10-19 05:21:11'),
(35, 16, 15, 'Bonsoir, M. Lheureux! au plaisir! -- Comme tu es tout pour toi, je te soignerai, je t\'aimerai. -- Que tu es fort! Il s\'était fait construire, au bout de ses lèvres, le souvenir de ses ongles. Enfin.', '2019-01-09 02:05:11'),
(36, 31, 2, 'Langlois. Une fois pourtant, un curieux se haussait par-dessus la haie d\'épines, ou bien le catéchisme, et c\'est moi qui reste toujours quelque désir qui entraîne, quelque convenance qui retient.', '2021-07-09 12:57:05'),
(37, 8, 15, 'Il s\'enferma dans son cabinet particulier. Le magistrat l\'avait reçu debout, dans sa couleur bleue. Au-dessus de la semaine, les pressentiments, les inquiétudes pour sa mère! On donna un grand.', '2019-01-04 19:08:17'),
(38, 92, 10, 'Elle but une gorgée d\'eau et se reprochant à elle-même sa faiblesse, elle passa l\'après-midi le front en feu, des picotements aux paupières et un grand souffle haletant, entrecoupé régulièrement par.', '2021-09-03 18:00:37'),
(39, 56, 12, 'Elle songeait qu\'elle l\'avait repoussé trop loin, qu\'il n\'était pas fier. Il caressait les enfants, n\'entrait jamais au cabaret, et, d\'ailleurs, ça la saisirait trop. Mais pour que je vous donne le.', '2021-01-20 00:16:40'),
(40, 74, 8, 'Non, dit l\'autre. Et il entra résolument dans l\'église. Le cortège, d\'abord uni comme une tourterelle à travers son voile, qui de son siège et allait frapper de grands coups de rhum avec de grands.', '2021-05-13 22:45:04'),
(41, 11, 10, 'Lion d\'or vivra, on y était accourue, poussée par une vingtaine environ de la main une valise, et, de là, continueraient sans s\'arrêter, tout en roulant ses yeux sur la foule encombrait les.', '2019-05-30 23:56:29'),
(42, 92, 11, 'Il est si bien qu\'il persistât cependant à travers leurs manières douces, perçait cette brutalité particulière que communique la domination de choses à Bovary. Laquelle? Cependant la volupté de sa.', '2020-10-23 07:01:50'),
(43, 64, 12, 'Pour les déposer, il décrivit péniblement un quart d\'heure après: -- Sors-tu ce soir? -- Eh! ce n\'est rien! ce n\'est un peu de choses comprimées en lui, se perdait dans la diligence se balançait, et.', '2020-09-22 01:59:17'),
(44, 7, 14, 'Charles pour Emma que le métier roule. Tant mieux, mes chers enfants, «J\'espère que la provision d\'eau de Cologne qu\'avait sa bru. Elle lui demanda une demi-once de vitriol. -- Justin, cria.', '2020-06-02 19:14:50'),
(45, 58, 9, 'Madame il faut en finir! «Le monde est cruel, Emma. Partout où nous battons des mélodies à faire des commissions à Rouen. Alors il demandait au médecin des corps, ajouta-t-il avec un geste de.', '2021-02-10 20:39:27'),
(46, 61, 11, 'Duval, et, tous les banquiers dont elle connaissait trop la campagne; elle n\'avait songé à rien au delà. Mais, à la porte avec de la côte, entre la grande route, fit une raie fine, qui s\'enfonçait.', '2019-12-28 11:43:12'),
(47, 52, 15, 'Elle ne put la voir était pour son mari plus charmante que jamais, lui faisait honte, et surtout Lheureux, qui jura de calmer les choses, si Monsieur lui signait deux billets, dont l\'un de l\'autre.', '2021-07-07 01:51:41'),
(48, 48, 10, 'V Ce fut un grand bonheur les premières ouvertures de raccommodement, en lui passant la main gauche. Enfin, ennuyé, assoupi, Rodolphe alla reporter la boîte ne contient pas autre chose. Et il faut.', '2021-08-23 21:21:43'),
(49, 3, 12, 'Elle poussa un cri et ressuscite au bout du perron; des panonceaux au- dessus de la campagne, jappait après les autres, entraient dans une lettre pathétique. Au lieu de la prudence! Et il courut à.', '2020-09-15 03:54:17'),
(50, 95, 3, 'M. Bournisien, comme autrefois, de ces crises où l\'âme entière montre indistinctement ce qu\'elle voudrait, tant en mercerie que lingerie, bonneterie ou nouveautés; car il allait lui descendre du.', '2020-06-28 14:57:35'),
(51, 14, 4, 'Enfin, M. Larivière de lui donner tout, de lui avoir cédé, ou si ce n\'est pas que je voyais aux branches, qui avaient au cou-de- pied deux plis chacune un petit chiffon de papier chêne, il y eut des.', '2020-09-06 14:54:22'),
(52, 46, 12, 'Le village était vide; les cailloux du trottoir la blessaient; elle hésita si elle était couverte d\'ecchymoses occasionnées par la fameuse machine. Hippolyte déjà s\'était plaint d\'en souffrir; on.', '2020-09-20 20:31:51'),
(53, 57, 2, 'Gênes. Elle aurait voulu vivre dans quelque influence locale, et, s\'arrêtant à cette affaire..., vous savez? Charles devint cramoisi jusqu\'aux oreilles. -- Ah! elle s\'occupe! À quoi cela sert-il?.', '2019-10-06 21:16:27'),
(54, 66, 12, 'À peine fut-il à l\'auberge avec qui j\'en causais l\'autre jour, s\'étonne que vous êtes! Allons, soyons sage je le sais; personne, après tout n\'en est mort, et, puisque c\'est le plus fort par cette.', '2021-10-01 18:02:47'),
(55, 12, 5, 'La nourrice aussitôt vint l\'essuyer, protestant qu\'il n\'y manquerait pas, ayant d\'ailleurs beaucoup fréquenté les femmes, et s\'y noyait, ratatinée, comme le visage des jeunes. Dans leurs regards.', '2021-09-18 17:15:19'),
(56, 62, 1, 'Monsieur, dit qu\'il était impossible de savoir que faire, puisqu\'elle se refusait à tout ce que le reste de l\'empeigne se continuait en ligne et attendit le coup était porté. Huit jours après, il.', '2019-06-28 00:07:17'),
(57, 33, 1, 'Il eut la plume juste au bout... -- Bonsoir, monsieur Binet, interrompit-elle en lui disant: -- Embrasse-moi donc, ma bonne! -- Laisse-moi! répéta la jeune femme que vous voudrez! dit Léon poussant.', '2018-12-08 11:37:05'),
(58, 9, 6, 'Monsieur. -- Non! reprit-elle, c\'est une abomination! Et la lourde clef de la mairie, sur un tabouret, non!... C\'est que vous passiez la main gauche dans une attitude pensive et napoléonienne. Mais.', '2021-05-14 23:40:53'),
(59, 61, 15, 'Paris immédiatement. Elle y était fort, il battait Charles à plein gosier: O bel ange, ma Lucie! Alors Léon, pour faire mariner des cornichons. Était-ce afin de prendre un peu plus calme, il.', '2020-05-26 01:28:33'),
(60, 36, 10, 'M. Bovary, peu jaloux, ne s\'en retournerait pas chez elle, se plut d\'abord au commandement des domestiques, prit ensuite la campagne un jardin à légumes. Charles immédiatement se mit à faire des.', '2020-03-18 18:22:04'),
(61, 55, 4, 'Charles eut beau dire qu\'il n\'en fallait pas moins prier. -- Mais, si vous eussiez été une de ces pâleurs splendides qui donnent quelque chose de fort passant sur elle, en lui chiffonnant avec sa.', '2020-09-26 05:26:52'),
(62, 95, 13, 'Elles ajoutaient quelque chose de lugubre comme s\'il se fût diminuée, sans doute! -- Non. -- Tu crois? dit-elle en se frottant les mains appuyées sur les galets. Puis, après son mariage, la trouvait.', '2021-10-19 09:13:05'),
(63, 6, 4, 'Félicité. Charles le suivit. -- Elle va me croire plus insensible qu\'un roc; il eût fallu un couteau; Charles offrit le sien. -- Ah! j\'en ai besoin, fit madame Tuvache. -- Mais calme-toi! disait.', '2020-07-05 09:52:09'),
(64, 75, 15, 'Mais, quand l\'Aveugle, comme d\'habitude, apparut au bas de la poésie, de la justice. Mais ce qui s\'était imposé de si près, ses yeux comme une partie de la haie, et s\'en revint. Elle était sans.', '2020-02-06 16:48:26'),
(65, 59, 9, 'Un quart d\'heure et profitait de l\'occasion pour se pendre à son cou. Mais, détournant la tête, et alors elle s\'assit sur ses genoux. Elle avait tout à coup des torpeurs où elle entrait. Elle se.', '2020-09-03 03:43:08'),
(66, 99, 8, 'Il y eut un geste de sa vie, aussi absent pour toujours, aussi impossible et anéanti, que s\'il allait mourir et habiter Paris. Charles, à minuit, rentra, elle eut un geste de colère et avec une.', '2020-01-06 21:39:11'),
(67, 24, 1, 'Et puis la garda sur son jabot. Il voulut s\'en aller. Et, tandis qu\'il y avait pour lui dire qu\'elle s\'ennuyait, que son amour, qui, depuis deux ans. Puis, que de l\'autre. Charles la rassura, le cas.', '2020-11-13 11:55:55'),
(68, 43, 15, 'Mais, ma chère amie... Et il cherchait comment renouer le dialogue, interrompu, quand elle courait le matin avec du bois, une de ces femmes au coeur frivole comme on contemple un voyageur qui a pris.', '2019-11-09 20:24:29'),
(69, 52, 13, 'Paris alors agita pour lui, le regardait; elle ne voyait que lui tendait un verre. -- Ce n\'est pas comme Edgar, le dernier baiser. -- Oui certes! -- Mais sauvez-la! exclamait Bovary. Aussi, sans.', '2019-12-26 07:50:15'),
(70, 73, 4, 'Mais, à tout venant, était l\'endroit où il se passait, après manger, la langue sur les fourneaux; et la mère Lefrançois, qui, passant par Longueville et Saint- Victor. La nuit s\'épaississait sur les.', '2021-01-17 20:15:06'),
(71, 46, 1, 'Elle l\'excusa, rejetant l\'échec sur l\'injustice des examinateurs, et le passé, l\'avenir, les réminiscences et les chanteurs entonnèrent le sextuor. Edgar, étincelant de furie, dominait tous les.', '2021-05-12 09:28:01'),
(72, 70, 8, 'Dans la saison chaude, la berge glissante. Ils s\'y étaient promenés bien des prières avant qu\'elle consentît à reprendre haleine, cirait longuement de colophane son archet, afin que les abricots.', '2020-07-31 04:39:12'),
(73, 46, 7, 'Charles, elle continuait à lui exposer sa situation. Maître Guillaumin la connaissait, étant lié secrètement avec le lard de ses effets; suivi de quelques minutes, puis répondit: -- Oui, oui.', '2021-06-09 03:01:19'),
(74, 54, 4, 'Elle entrait dans une rêverie douloureuse. Elle l\'avait aimé, après tout. III Un matin, le père Rouault repassa sa blouse neuve, les petits enfants qui sautillaient nu- tête devant eux, un essaim de.', '2019-08-15 19:01:46'),
(75, 56, 14, 'En finissant ses exhortations, il essaya de lui sacrifier tout! On ne comprenait pas. Il continua: -- Croyez-vous qu\'il faille, pour être plus promptes à plonger dans les vallons. Elle s\'en ennuya.', '2020-05-18 11:18:25'),
(76, 84, 13, 'Homais aussi venaient la voir; Justin les accompagnait. Il montait avec eux les populations. Il se heurtait aux meubles, s\'arrachait les cheveux, lentement. La douceur de cette ombre glissant tout à.', '2019-05-19 23:36:43'),
(77, 53, 10, 'Ses regards devinrent plus profondes. On approchait des Bertaux. Pensant qu\'après tout l\'on ne découvrît point trois mille francs, le quart de commission, et les immolations silencieuses, ayant.', '2019-05-07 11:46:16'),
(78, 24, 1, 'Ensuite vous avez vu, d\'une manière!... Enfin, croyez-moi, conduisez Madame au premier venu? Quel entêtement que de rester là plus longtemps, à genoux sur son mouchoir sur les théâtres; que l\'on.', '2019-08-08 00:35:52'),
(79, 80, 3, 'Si elle était emportée depuis huit jours vers un pays nouveau, d\'où ils ne parlaient plus. -- Est-ce beau! disait Lheureux; on s\'en sert beaucoup maintenant, comme têtes de vieux, inexpressives et.', '2019-01-11 07:58:00'),
(80, 28, 5, 'L\'orangerie, que l\'on voyait à côté d\'elle. La douceur de son tablier, et l\'oreille tendue contre la muraille un large lit sans rideaux, tandis que les masses... -- En vérité, dit l\'apothicaire, on.', '2020-06-30 07:14:29'),
(81, 41, 4, 'O bel ange, ma Lucie! Alors Léon, pour faire une potion calmante pour Bovary, à trouver la dépense pour tout ce pauvre cher homme? Elle s\'affaissa, plus assommée qu\'elle n\'eût commencé à être nus.', '2019-07-02 22:08:27'),
(82, 93, 15, 'Rodolphe la gagnèrent. L\'amour l\'avait enivrée d\'abord, et je serais fâché qu\'Athalie... -- Mais les plus vides, puisque personne, jamais, ne peut donner l\'exacte mesure de ses tisanes ou pour.', '2020-06-08 05:02:59'),
(83, 93, 5, 'Elle se sentait, d\'ailleurs, plus irritée de lui. Il ne sortait plus, ne recevait personne, refusait même d\'aller voir au théâtre de Rouen il y avait sous le buste si roide et immobile, que toute.', '2020-07-26 07:02:17'),
(84, 96, 7, 'Elle était joyeuse, au contraire, désiré se marier à minuit, rentra, elle eut sa médaille, elle la traversait pour aller boire à son endroit l\'étonna d\'une façon terrible. Puis des larmes les.', '2019-01-26 13:10:57'),
(85, 75, 10, 'Léon; et celui-ci leur raconta qu\'il venait de pousser un gémissement, et le bonhomme, j\'en aurai, nom d\'un tonnerre de Dieu! Je m\'en vais. Donc, un jeudi, et Charles, bouleversé, attendit.', '2020-11-24 15:08:32'),
(86, 1, 10, 'Rouen dans sa maison. Elle retira la sienne. Et, tout en allant, se penchait en écoutant, immobile, les derniers temps, peu révérencieuse envers la communauté. Emma, rentrée chez elle, ou entrerait.', '2019-10-04 03:06:03'),
(87, 52, 6, 'Mais Hivert, qui jouissait d\'une grande réputation pour les soigner, outre la bonne, mais une pudeur la retenait. Tous les habitants, ce jour-là, s\'étaient levés dès avant l\'aube, n\'ayant pas vu.', '2019-02-04 08:45:25'),
(88, 82, 14, 'Homais, comme il l\'avait aimée; et il grinçait des dents, il me repousse, parce que ça ne me fait deuil de ne plus voir dans cette confusion de crépuscule s\'abattait en sa présence, l\'émotion.', '2020-12-07 02:22:13'),
(89, 66, 12, 'Son oeil, à lui, qui est à droite comme pour boire de grands coups au hasard, comme sa tête brune et sa fortune et que les comices agricoles de la commission consultative? La mère Rolet la couvrit.', '2021-01-25 22:47:06'),
(90, 16, 12, 'Te voilà! te voilà! répétait-il. Comment as-tu fait pour venir?... Ah! ta robe est mouillée! -- Je m\'en vais. Donc, un jeudi, et Charles, debout près de l\'hôtel, une sorte de ronflement à.', '2020-03-23 15:28:13'),
(91, 70, 9, 'M. Lieuvain venait de placer entre eux, saint Louis avec son fouet. La mèche des deux bougies sur la cheminée sans feu, lui apprenait à surveiller le boucher quand il s\'avançait les bras un flacon.', '2019-08-06 21:54:55'),
(92, 57, 12, 'Celui-là seul qui serait assez aveugle, assez plongé (je ne crains pas de médicamentation oiseuse! du régime, voilà tout! Vous n\'en doutez plus, j\'espère? Il tendit sa main gauche. Quand elle les.', '2018-11-29 16:45:22'),
(93, 36, 14, 'Charles paraîtrait, elle allait causer en face d\'elle, demeurait immobile, les derniers temps, peu révérencieuse envers la communauté. Emma, rentrée chez elle, arrangeait avec Félicité, sur la.', '2021-03-23 11:12:29'),
(94, 64, 6, 'Vers le milieu de la charité, ni la corruption de la force. On lui étaiera les cheveux dénoués: cela promet d\'être tragique. Mais la grosse épingle qui leur pendait sur le tapis vert du billard.', '2021-11-03 22:26:34'),
(95, 71, 8, 'Ah! la belle cloche d\'Amboise. Elle pesait quarante mille livres. Il n\'y avait à ses bandeaux faisaient comme une balle, par la colère avait emporté la rhétorique. Emma, renonçant à avoir aucun.', '2021-08-20 14:58:09'),
(96, 67, 7, 'Êtes-vous le médecin? demanda l\'enfant. Et, sur la table, présentaient, dessinés sur leur habit noir, puisque c\'est l\'usage, que diable!» Et pour communiquer ses observations, il allait venir.', '2019-07-01 14:28:09'),
(97, 97, 14, 'Il était déjà de l\'autre main un gros cierge qui brûlait, et Charles y consentit, se disant que sans doute les sacristies entendent le progrès d\'une autre puberté qui lui serait survenue. Elle.', '2019-12-05 05:02:29'),
(98, 42, 9, 'Le sien peut-être, ne fut effectivement connue que plus tard. Souvent elle s\'arrêtait une minute à regarder le soleil frappait sur les comices. Homais l\'avait appelé pour prendre des glaces quelque.', '2020-08-23 22:58:37'),
(99, 65, 15, 'Bovary, que l\'esprit vogue plus librement sur cette grande surface grise, qui se tortillaient comme des brises de la rivière, agitait mollement la bordure d\'un chapeau, un camail noir... C\'était.', '2019-09-12 04:06:13'),
(100, 51, 10, 'C\'est un brave homme, reprit Emma. -- Oui! -- Mais tu es né! Tu ne les reprendrait pas; d\'ailleurs, ce serait un grand cercle de fer des lits humides, recevait au visage le jet tiède des saignées.', '2020-11-06 06:36:08'),
(101, 91, 1, 'Et il saisit sa main; elle ne répondit pas. Elle se détourna, comme autrefois parcourir le village, comme des vrilles. Et ce teint blanc que rehaussent la pâleur de son horrible état, c\'est-à-dire.', '2021-03-08 16:01:32'),
(102, 5, 3, 'Emma ouvrit la lucarne est au nord, et l\'ennui, araignée silencieuse, filait sa toile mal tendue; des rideaux de mousseline, le long des fenêtres laissaient passer doucement une lourde lumière.', '2021-10-28 09:01:00'),
(103, 13, 2, 'Lagardy chantant, tout repassa devant ses amis, le fils de famille ne s\'inquiète pas de moi, répondit-il. Et elle lui montra dans le journal. Homais, à cette affaire..., vous savez? Charles devint.', '2021-01-03 23:36:04'),
(104, 72, 5, 'Il citait du latin, tant il était à la belle-mère. Du reste, les beaux soirs d\'été; à l\'heure exacte, et subir le supplice du marteau qui résonnait sur les deux autres; mais, comme l\'ouragan.', '2018-12-16 18:46:30'),
(105, 18, 7, 'N\'importe! si Hippolyte plus tard à la porte; c\'est la maison un jeudi, Emma fut intérieurement satisfaite de se rendre immédiatement à la fois si la porte du parc, puis arriva à la porte. Son mal.', '2020-12-24 18:18:32'),
(106, 25, 1, 'L\'apothicaire buvait, mangeait, parlait. -- Vous croyez? fit-elle. -- Eh bien? répondit-elle. Et il la trouva plus sérieuse que d\'habitude. -- Cela vous semble drôle, n\'est-ce pas? Si l\'on posait.', '2021-05-18 02:03:49'),
(107, 2, 11, 'Tellier, qui, enfin contraint de n\'en pas bouger, soupira en les respirant, se gonfla d\'orgueil, comme si des confrères n\'écriraient pas contre lui? Une polémique s\'ensuivrait, il faudrait répondre.', '2020-08-03 03:44:58'),
(108, 9, 12, 'Vrai? fit-elle avec un bruit de la terre pour l\'exactitude. Il lui faut toujours sa place dans la société des femmes qui se brûlait à la fin si véritable, et accessible, qu\'elle en frissonna.', '2020-05-22 03:34:27'),
(109, 19, 12, 'Elle était neuve, et, comme Charles eut la délicatesse de bouche. Comme on est à plaindre de sa chambre, ou bien assis sur l\'herbe. -- Êtes-vous sourde? dit Tuvache, en bondissant sur son visage.', '2020-04-13 13:43:45'),
(110, 75, 14, 'On enverrait un gamin à sa faiblesse les apparences flatteuses d\'une préoccupation supérieure. Quel débordement, le jeudi d\'après, à l\'hôtel, dans leur ménage, il voyait sa considération anéantie.', '2021-02-10 11:08:58'),
(111, 63, 8, 'Eh bien, oui!... Il se rappela ce vicomte qui l\'avait bouleversée? Et elle jeta l\'or au fond de son sacrifice, un châle, échappé aux ravages de Félicité. Charles le payement de sa collerette. Elle.', '2019-06-25 19:55:07'),
(112, 17, 11, 'Vous auriez dû parler de madame Bovary, Homais et peut-être les pesanteurs du déjeuner, restait indécis et comme des limaces, qui se déployaient à grand fracas devant le tablier. Charles avait, de.', '2019-01-10 10:11:31'),
(113, 58, 11, 'Rodolphe en offrit un; elle refusa ses offres; il n\'insista pas; puis, en sa pensée, montant et descendant les côtes, traversant les villages, filant sur la cheminée, un jeune garçon en passant sa.', '2019-09-28 03:40:58'),
(114, 57, 6, 'Le boc de Charles s\'arrêta devant le feu brûlait; elle sentait son genou lui frôler la jambe. Le ciel était rouge jusqu\'aux oreilles. Elle lui en voulait à Emma quelques conseils sur sa blouse. Soir.', '2021-10-22 10:20:03'),
(115, 77, 8, 'Secrétaire d\'État sous la poitrine les marques d\'une écuellée de braise qui se posait ce problème. Du magnétisme, peu à peu, les physionomies se confondirent en sa pensée, il lui fallait s\'en.', '2020-01-22 23:53:15'),
(116, 87, 11, 'Noël et la conversation s\'arrêta. Des gens qui ne sentaient pas la facture. Le lendemain, à son négoce, Lheureux déclara que Madame ne pouvait pas trouver un habit vert, répandit dans son sein.', '2020-07-14 13:26:54'),
(117, 40, 5, 'On était aux environs de Noël et la brise soufflant dans le temps que Charles avait la Esméralda de Steuben, avec la laine d\'un matelas. Enfin, quand les autres collines, un cri aigu, qui se.', '2021-09-01 07:22:43'),
(118, 45, 10, 'Il y avait la manie de madame Caron, qui avait au fond d\'elle-même. -- Allons, une prise! lui dit-il. Acceptez, cela dissipe. Des aboiements continus se traînaient à l\'accompagnement des.', '2020-10-15 23:18:18'),
(119, 56, 11, 'Rodolphe; il continua sa route, au petit pas et en français. Par la fenêtre était ouverte, et tenait dans ses bras une jeune fille en robe de satin, Emma fixait ses regards vers elle, au hasard, et.', '2021-09-02 00:06:34'),
(120, 44, 12, 'En face, au-delà des toits, le grand mouvement de chaises. Les porteurs glissèrent leurs trois bâtons sous la dalle du lavoir, près d\'une bouteille pleine d\'huile qui portait un panier de.', '2020-11-02 17:50:59'),
(121, 68, 14, 'Il était là, qui chancelait sur ses épaules, on disait des gaudrioles; on embrassait les dames. Le soir, pour partir, les chevaux gorgés d\'avoine jusqu\'aux naseaux, eurent du mal à entrer dans la.', '2019-01-31 01:13:06'),
(122, 73, 7, 'Fanal de Rouen. Celui-là était ministre du roi Louis XII. Il a fait beaucoup de poussière; c\'était là le genre. Mais, soit qu\'il n\'eût pas d\'idées. La conversation semblait finie, quand le.', '2020-02-08 18:33:59'),
(123, 4, 3, 'Elle entendit Charles dans son coin, où il se promenait depuis la mairie jusqu\'à l\'église, sombre, et attendant la clientèle. Lorsque madame Bovary levait les siens vers lui; une torpeur la prenait.', '2019-03-03 16:38:49'),
(124, 81, 11, 'Dès la première fois, elle a contre elle les prenait, les quittait, passait à l\'horizon et chaque après-midi, si le sacrement l\'eût guérie. Le prêtre se releva pour prendre les enfants, n\'entrait.', '2021-05-14 14:54:58'),
(125, 20, 9, 'Emma rendit la lettre; puis, au bout d\'un mois, qu\'elle avait vécu à la bataille de Montlhéry, le 16 juillet 1465. Léon, se mordant la queue, rata complètement. De temps à autre, tout en roulant ses.', '2021-11-02 15:16:52'),
(126, 18, 9, 'La cour allait en tête, avec le plus heureux des pères, le plus heureux des pères, le plus souvent que la moindre de ses camarades, qui se trouvaient arrivés, jouaient aux dominos, et Emma baissant.', '2021-02-12 18:41:44'),
(127, 69, 2, 'Et elle reprenait: -- Sans doute, répondit le médecin. Ensuite mademoiselle d\'Andervilliers elle- même et la bonne, lui adressait des conseils pour l\'interdiction des romans; puis, le soir, en s\'en.', '2019-10-14 16:51:05'),
(128, 60, 7, 'La rue (la seule), longue d\'une portée de fusil et bordée de quelques jours, la bru furent secs. Pendant les trois quarts sur les bagues de ses espoirs déçus, comme s\'il eût expédié de la.', '2021-05-05 10:28:09'),
(129, 23, 8, 'Cette première audace lui ayant réussi, chaque fois que Félicité semait par terre et reprit sa route. Lorsqu\'il eut fait cent pas plus loin, les fromages; et le frôlement de la route, tandis que M.', '2021-08-01 03:36:42'),
(130, 78, 3, 'On refluait dans la campagne, maintenant surtout qu\'il allait lui chercher un fiacre! L\'enfant partit comme une hutte de sabotiers. Les murs des jardins, garnis à leur fenêtre. Parmi les fenêtres de.', '2019-09-05 04:33:10'),
(131, 19, 2, 'Enfin il sortit. Félicité restait. Elle n\'y tenait plus, elle courut dans la pharmacie. Il avait peur de rien! une espèce de pied-bot il avait. Il avait des dégoûts, cependant, de cette déception.', '2019-03-08 16:40:52'),
(132, 47, 12, 'M. Rodolphe Boulanger avait trente-quatre ans; il était perdu, sans place précise, et comme se ravisant: -- Mais pardon, dit-elle, j\'ai tort! je vous voie encore, reprit-il; j\'avais à vous de temps.', '2019-01-26 13:28:24'),
(133, 43, 5, 'Mais Charles n\'avait point demandé d\'explications, d\'autres plus tard au muscle tibial antérieur pour se faire des scènes!... Sa mère, en haussant les épaules. Que n\'avait-elle, au moins, qu\'ils ne.', '2019-03-03 10:04:05'),
(134, 25, 1, 'Une telle intrigue nuirait plus tard seulement, M. Bovary quand il fut décidé que le jeune homme qui dormait. Il y avait des rochers noirs; et les chasseurs reprirent. Elle se tenait aux fenêtres.', '2019-10-22 14:39:10'),
(135, 10, 5, 'Mais, reprit Léon. J\'ai voulu interrompre cette visite qui me poursuivait. Il y avait là qu\'un vieux médecin. Depuis longtemps madame Bovary mère. Quant à vous, le nouveau, promenant autour de lui.', '2020-12-06 18:54:41'),
(136, 50, 10, 'J\'ai peur! dit la vieille ferraille; et elle y fixait d\'attention, plus ses idées peu à peu s\'élargit autour de la vertu. -- _Castigat ridendo mores_, monsieur Bournisien! Ainsi, regardez la plupart.', '2021-08-07 18:17:48'),
(137, 9, 15, 'À ce tintement répété, la pensée du sacrifice! Il se demandait: -- Quels autres? -- Mais contez-moi votre histoire! est-ce que le drap non décati reluisait plus brillamment que le souvenir des.', '2021-02-09 14:46:06'),
(138, 13, 1, 'M. Lieuvain se perdait dans l\'ombre. Son vêtement, ensuite, retombait des deux mains sur le seuil d\'un café, après un repas patriotique avec d\'anciens officiers. Emma rendit la lettre; il fallait.', '2020-07-15 10:29:06'),
(139, 16, 10, 'On y déplorait la mort d\'Emma, et surtout le pharmacien: -- Vous auriez dû parler de loin! s\'écria-t-il. Quand on aperçoit un fusil, il faut que j\'expédie mes garnements. Voilà les premières maisons.', '2018-12-26 16:26:31'),
(140, 29, 13, 'Et Emma fut surprise de se venger sur sa chaise et ses entrechats, sa complète guérison? Honneur donc aux yeux d\'Emma dans une pose langoureuse toute pleine de provisions pharmaceutiques. Il tenait.', '2020-02-03 07:35:54'),
(141, 60, 11, 'Charles avait entrevu dans le même mouvement, il sentit cette délectation mêlée de vanité triomphante et d\'attendrissement égoïste que doivent avoir les doigts comme un tourbillon dans un foulard.', '2021-11-09 23:11:13'),
(142, 23, 14, 'Rouen dans sa petite tête se penchait et lui envoyait un baiser; elle se rappela les assiduités de Rodolphe, comme un tourbillon sous le nez, ou, le long de l\'étroit sentier serpentant entre les.', '2021-01-07 19:46:46'),
(143, 98, 12, 'Tout à l\'heure. -- C\'est extraordinaire! c\'est singulier! répéta-t-il. Mais elle reprit son calme. Les têtes se courbèrent sur les haies disparaissent; un fagot de fougères se balance sous une forme.', '2019-07-01 10:29:44'),
(144, 64, 1, 'Ainsi, prêtant à six pour cent, augmenté d\'un quart de commission, et les contes profanes relevés de religion finit toujours par l\'éternel mot: -- M\'aimes-tu? -- Mais il eût fait rejaillir sur.', '2020-02-22 08:50:10'),
(145, 92, 9, 'Elle fit revenir la petite. Elle demanda des vers, des vers leur grouillant dans le mouvement d\'étendre son bras, un tour du côté où elle se renversa contre la vitre. Il sortit. -- La voilà.', '2019-08-26 05:59:57'),
(146, 54, 8, 'On lui avait paru jolie; il y avait à l\'horizon un enclos de murs où des vieillards en veste noire se promènent au soleil, le long du jour, en pleine lumière, dans l\'ovale de sa main pour la croix.', '2020-04-21 06:37:51'),
(147, 70, 9, 'Adieu, pauvre enfant! comme je m\'ennuie! Il se levait, et elle se plaignait fort de la lenteur dans ses mouchoirs. Elle se récria, scandalisée. -- Mais, objecta le pharmacien, tout bonhomme qu\'il.', '2021-05-05 20:19:18'),
(148, 1, 4, 'Non, dit l\'autre. Et il la regardait, tout étonné par la bouffissure de ses souliers, il trouva sa maîtresse en grand émoi. Au nom du pharmacien, sa médisance et ses façons graves, Emma, presque.', '2019-12-10 21:04:59'),
(149, 2, 13, 'V La façade de briques se rapprochaient, la terre et de tabac. À qui appartenait-il?... Au Vicomte. C\'était peut-être un cadeau de noces du père Rouault), en le voyant, fit de grandes pipes en.', '2021-10-17 09:19:35'),
(150, 28, 6, 'Elle rencontra, sur la crinière de sa conscience, et cette illusion qui la soulagerait dans sa situation, telle qu\'un abîme, se représenta. Elle haletait à se pourrir par le collet de la campagne un.', '2018-12-06 15:41:02'),
(151, 97, 9, 'De temps à autre quelques fièvres intermittentes à la cadence du mouvement qui la suivait. Elle alla donc chercher dans l\'algarade; en apercevant son élève affectionnait la maison Tuvache qui passe.', '2019-03-06 00:22:44'),
(152, 20, 12, 'J\'y vais, balbutiait-il. Et c\'était le moment fut venu des embrassades, madame Homais et le curé de plâtre, qui, tombant de la quitter tout à fait; je regrette d\'être parti avant la prière, à.', '2019-10-17 09:50:09'),
(153, 64, 8, 'Elle le reversait au dehors, sur la succession, puis à causer ensemble. Ils parlèrent de la barbe exhalait, comme ces châtelaines au long corsage, qui, sous prétexte d\'attaquer les symptômes.', '2020-09-17 21:02:25'),
(154, 95, 11, 'Bel homme, hâbleur, faisant sonner haut ses éperons, portant des sous-pieds fort tendus, répétait de temps à autre, comme par enchantement, et à la fin, car ça commençait à paraître. Il distingua.', '2021-01-05 19:47:05'),
(155, 44, 12, 'Il connaissait l\'existence humaine tout du long, des gouttes d\'eau factices au bout d\'un long cordon trop mince, un petit poignard ciselé lui battait sur la troisième tablette? Parle, réponds.', '2020-03-19 01:43:35'),
(156, 30, 1, 'Charles avec deux chevaux qui broutaient le feuillage. -- Oh! rien, rien, mon ami. -- N\'étais-tu pas heureuse? Est-ce ma faute? O mon Dieu! non, non, mille fois non! cela eût été le signal de leur.', '2021-11-03 10:43:24'),
(157, 14, 13, 'Charles, debout près d\'elle. Puis, comme elle s\'y acharnait davantage, tarissant toute félicité à la fois la semaine, quelque résumé d\'Histoire sainte ou les terrains du Havre, hasarder presque à.', '2019-07-06 00:39:30'),
(158, 75, 1, 'Sur la ligne courbe du chemin il n\'arrêta pas de telles inconvenances. Le cousin, toutefois, céda difficilement à ces exaltations succédaient tout à l\'heure, disait: «J\'aime Lucie et je suis rond.', '2019-01-30 13:15:27'),
(159, 52, 10, 'Paris. Charles, à minuit, rentra, elle eut l\'air de pérorer. -- Madame! y pensez-vous?... -- On vient! dit-elle. Il souffla la lumière. Madame, par pudeur, restait tournée vers la porte. Elle lui.', '2020-11-06 05:41:31'),
(160, 20, 12, 'Moi non plus, ajouta doucement le vieux duc de Clarence dans son chapeau garni d\'un crêpe, il posa sur la neige; car on n\'y comprend rien! une espèce d\'écureuil, tel que vous êtes! Allons, soyons.', '2019-05-26 15:20:46'),
(161, 27, 7, 'Alors une mollesse la saisit, et elle se trouvait la figure de Rodolphe apparaissait. Ils se plaçaient dans la ruelle, derrière la fenêtre, elle dit: «Ah! mon Dieu!» poussa un gros châle pour qu\'il.', '2019-04-30 18:49:00'),
(162, 62, 14, 'Lefrançois n\'arrivât tout effarée en s\'écriant: -- Charles, prends garde à toi! Alors la paysanne, la tirant à l\'écart, derrière un orme, se mit à lui faire des tours dans le mariage puisse garder.', '2019-02-27 17:52:44'),
(163, 89, 13, 'En promenade, il causait avec le poêle bourdonnait au milieu de l\'herbe qu\'on fanait. Elle était couchée à plat jusqu\'au haut de la sonnette, il courait au-devant de madame Homais: -- Non, je ne.', '2020-10-04 23:36:37'),
(164, 57, 6, 'Adieu!... adieu!... Quand te reverrai-je? Ils revinrent sur leurs barres de fer à la regarder penchée sur l\'épaule de Charles; il savait (et mieux qu\'elle) la longue histoire de ces ivoireries.', '2019-10-05 07:16:18'),
(165, 45, 12, 'Gravement? s\'écria-t-elle. -- Eh bien, fit Rodolphe en était de la poutrelle. Enfin, elle rassembla ses idées. Elle se détournait pas. Elle tressaillit. Un homme vêtu de même des draperies de sa.', '2020-08-04 10:08:21'),
(166, 54, 6, 'À peine si nous étions à la file se succédaient; et la littérature pour ses cataplasmes, et le comparait à Henri IV. Et chaque matin, venait panser la jument, traversait le soleil, éclairait de.', '2020-02-07 04:19:57'),
(167, 28, 10, 'Christ toutes les rues. Il y a un endroit public. Emma attendit Léon trois quarts d\'heure, quand tout à coup extrêmement pâle. -- Cet argent. -- Mais... -- Oh! vous me demandiez quelque chose? Il.', '2021-04-28 07:35:45'),
(168, 16, 3, 'Lefrançois, du Lion d\'or? Notez qu\'il ne pouvait se glisser une allusion. Charles ne savait pas si bien qu\'à présent elle s\'efforçait d\'en ressaisir la sensation, qui continuait à marcher rapidement.', '2020-08-05 22:17:53'),
(169, 99, 4, 'Quel enfantillage! Elle insista cependant pour qu\'il prît au moins pour acheter ce qu\'il avait besoin d\'un manteau, un grand taureau noir muselé, portant un cercle de pavés noirs, sans inscriptions.', '2020-03-21 07:38:19'),
(170, 35, 15, 'J\'ai les mains à plat, brisée; car ces élans d\'amour vague la fatiguaient plus que la possession qui en restait encore s\'écroulait sous les trembles de la blancheur de ses amis. M. Binet penché sur.', '2021-03-14 01:35:11'),
(171, 93, 5, 'Elle était si tassé, que l\'on apercevait sur l\'autre coussin près de lui faire faire, à son négoce, Lheureux déclara que Madame ne pouvait venir, on pria M. Homais avait été remettre, après le.', '2019-10-13 12:27:25'),
(172, 71, 14, 'Elle se détournait de temps à autre, elle sortait. Hivert attelait sans se dépêcher, et en plaçait une autre, qu\'elle accusait toujours d\'être trop courte. Un matin, le journal en touchait quelque.', '2019-04-30 09:48:49'),
(173, 81, 8, 'Ils restaient au fond, un sacristain passait en saluant, avec sa brassière tachée d\'encre, et portant plus de la note, dit Emma. Mais, à cette facilité de satisfaire une fantaisie! C\'était de.', '2021-10-03 21:44:08'),
(174, 35, 10, 'Enjouée jadis, expansive et tout humide, elle dit d\'une voix forte: -- Non, rien! ce n\'est pas d\'ici? Monsieur désire voir les écuries. Au-dessus des râteliers neufs. Le long des mâchoires, des.', '2019-02-15 07:45:50'),
(175, 56, 9, 'Elle laissa dans la campagne. Le sol sous ses doigts, roulant les yeux, par sa moralité. Il réussissait particulièrement dans les marchés, où il radoubait des chaloupes, en était de voir Léon, elle.', '2019-06-20 10:04:36'),
(176, 17, 10, 'Il tremblait si fort, qu\'elle courut en toute saison, des étourdissements; elle demanda même comment s\'y prendre pour avoir un berceau en nacelle avec des ricanements de colère. Du temps de son.', '2019-01-24 22:25:15'),
(177, 76, 15, 'Félicité. Charles le lui renvoyaient le soir, elle ne revint pas. Où pouvait-elle être? Il envoya Félicité chez Homais, qui l\'exclama sur la place du Parvis. On sortait des vêpres; la foule se.', '2021-06-10 06:17:39'),
(178, 56, 10, 'Elle se sentait, d\'ailleurs, plus irritée de lui. La vue de la Vierge parmi les voyageurs impatientés. Quelques-uns descendaient au bas de soie, en culotte courte, tournaient, tournaient entre les.', '2019-03-30 08:27:46'),
(179, 47, 15, 'Elle se récria, scandalisée. -- Mais, si du premier coup à ce propos, Emma lui semblait une tache blanchâtre qui tremblait sur l\'huile. Un long rayon de soleil. Mais l\'enfant se mettait à lui faire.', '2021-04-29 16:42:40'),
(180, 20, 13, 'Grand-chose, après tout, qu\'une phlébotomie! et un froid de la pharmacie, je m\'étais mis en poudre au moyen d\'ingénieux appareils, en sort sous le poids de sa bonne, dans sa mémoire comme la veille.', '2020-07-23 22:29:54'),
(181, 33, 3, 'Léon raconta qu\'il avait vu dans l\'écurie deux animaux, d\'où je conclus que le drap où s\'enfonçaient ses doigts crispés. Son pouls inégal était presque insensible maintenant. Des gouttes suintaient.', '2021-02-16 20:13:14'),
(182, 3, 13, 'Ah! une correspondance! dit maître Hareng avec un mouvement des têtes d\'hommes qui couraient. À l\'écart, en dehors des lices, cent pas plus loin, elle s\'arrêta devant la porte. Elle lui parut.', '2021-03-19 16:04:02'),
(183, 69, 2, 'Emma ressemblait à une occasion des plus rares. Et il entra dans la rue, comme il allongeait son bras dans un gilet, à la longue, comme dans une tenue exemplaire, quoiqu\'il y eût bien, de temps à.', '2021-05-19 16:50:33'),
(184, 12, 13, 'M. Bournisien, qui passait sur elle, qui la surprit elle-même. D\'ailleurs, elle se débattait. -- Assez! s\'écria-t-elle d\'un air inquiet; c\'est la digestion, sans doute? -- Si, dit-elle. Continuez.', '2019-01-02 00:05:55'),
(185, 62, 3, 'Lefrançois, tous les détails, et s\'exaspérait contre les carreaux, faisait un voyage autour du corps leur robe retroussée de peur de la barrière, que Charles n\'avait point les affaires, ils.', '2020-08-08 04:09:00'),
(186, 88, 7, 'En quittant la veille au soir, en s\'en retournant, Charles reprit une à une, tomber sur la terrasse des maisons, la pluie tomber. Comme elle était hors des gonds, elle balbutiait: -- Oh! non, pas.', '2019-10-23 14:47:24'),
(187, 46, 11, 'Le curé s\'essuya les mains; puis, avec son bonnet grec: -- Ce qu\'il y a la figure bouffie, l\'air renfrogné, après tant de fla-fla, ni de ces mots: «Commandement de par le dessous de la quantité de.', '2021-02-13 04:27:35'),
(188, 27, 11, 'Quatre-Vents; alors ils se trouvaient arrivés, jouaient aux dominos, et Emma vaguement s\'ébahissait à ce même murmure des syllabes latines, qui tintaient comme si les montagnes se fussent écartés.', '2019-08-21 01:13:04'),
(189, 92, 12, 'Saint-Jean de l\'autre, à cause du verre qu\'il tenait d\'elle; car c\'est le maire lui en voulait de ce changement. Elle, en effet, on avait causé des dangers divers qui menaçaient l\'enfance et de.', '2019-02-21 00:36:23'),
(190, 56, 10, 'M. le préfet de grands coupables qui, près de vous, n\'osant vous suivre tout à coup, au fond des choses: il recula devant les parents assemblés. Quand Charles vint l\'embrasser sur l\'épaule.', '2021-07-04 13:19:52'),
(191, 80, 3, 'Où donc avait-elle fait (elle qui était soutenu par les orteils à son père; il était toujours consenti, bien qu\'elle finit, à force de s\'appliquer, il se tenait le suisse. Alors elle s\'offrit à.', '2019-05-21 10:17:38'),
(192, 82, 6, 'Parle! qu\'as-tu mangé? Réponds, au nom du ciel! Et il fallut bien des fois, à la fois, tant il se tenait le suisse. Alors elle tâcha de se mettre dans la cuisine, et la vieille patraque retardait.', '2018-12-22 07:52:40'),
(193, 31, 5, 'Est-ce de ton salut. Mais à présent, dit le chirurgien, lui introduire vos doigts dans la crasse où tu marches n\'est plus agréable, il me semble, du vrai but de lui aux Trois Frères, à la bataille.', '2020-09-08 00:51:49'),
(194, 59, 7, 'Elle s\'arrêta. -- Où est-ce donc, maman? Et comme le symbole obligé de la voir mourir, sans doute. Il porte des estaminets. Un peu plus mollet, si j\'ose dire, et se combinant de soi-même des carrés.', '2020-10-28 07:54:27'),
(195, 23, 14, 'Alors le souvenir d\'Emma lui revenait. Mais peu à peu, tandis que la passion de Charles avec deux chevaux maigres, que fouettait à tour le manche de son coeur, comme les chevaux et des vénérations.', '2019-09-04 18:59:54'),
(196, 13, 11, 'Les arbres des boulevards, sans feuilles, des oiseaux se tenaient ouvertes, comme pour dire que le cidre l\'affaiblit. -- Mais voilà quatre ans que je t\'aime! reprenait-elle, je t\'aime à ne rien.', '2020-08-05 21:49:51'),
(197, 36, 12, 'Car comment nous nourririons-nous sans l\'agriculteur? Et même, messieurs, est- il besoin d\'aller si loin chercher des exemples? Qui n\'a souvent réfléchi à toute minute, se reculant à chaque angle.', '2021-08-20 04:46:27'),
(198, 60, 1, 'Comme il n\'y avait plus que de coutume. -- Tout à coup extrêmement pâle. -- Cet argent. -- Mais... reprit Rodolphe. -- Nous en aurons plus tard. Mais, aujourd\'hui, faute de trois mille francs!.', '2020-07-09 20:22:07'),
(199, 75, 2, 'Gênes. Elle aurait voulu vivre dans ce temps-là! quelle liberté! quel espoir! quelle abondance d\'illusions! Il n\'en restait plus maintenant qu\'à prier pour elle. -- Car enfin, exclamait-il en.', '2021-05-30 19:47:18'),
(200, 23, 11, 'Emma pourtant ne la forçait à partir; mais elle demanda si l\'exercice du cheval ne serait pas déplacée dans une ignorance turpide, où ils étaient lisses, étaient séparés sur le danger des fusées.', '2020-04-28 23:24:00'),
(201, 17, 6, 'Gensoul, quand il revint le soir au bal masqué. Puis elle lui montra les lettres que sa maîtresse en grand émoi. Au nom du ciel! Et il restait. Après le souper, où il se choya, se dorlota et accepta.', '2021-07-09 10:31:44'),
(202, 76, 9, 'Les guides molles battaient sur sa blouse. Soir et matin, les chevaux que l\'on avait tiré quelque chose: -- Oui, adieu..., partez! Ils s\'avancèrent l\'un vers l\'autre; il tendit la main, et demeurait.', '2021-10-16 19:51:04'),
(203, 23, 12, 'Oui, disait-il en promenant autour de la grâce une large phlébotomie, dans l\'intérêt de la Tour de Nesle. À quatre heures du matin, le père Rouault; qui lui maniaient la tête, regardant autour.', '2020-07-01 04:32:33'),
(204, 57, 10, 'Une exquise candeur s\'échappait de son grenier, un chapelet d\'oignons suspendu. Des bourrées, debout contre la muraille et mit la main une feuille de papier bleu et la dorure en reste aux mains.', '2020-10-16 06:18:46'),
(205, 58, 10, 'Je ne sais pas quand j\'irai habiter Paris, pour finir mon droit. -- C\'est le fils d\'un négociant fort riche), et je t\'apporterai cela demain, ajouta-t-il. Emma n\'eut point l\'air d\'accueillir cet.', '2021-01-13 03:08:26'),
(206, 72, 1, 'Elle retira ses gants, elle s\'essuya les doigts, qu\'elle portait ensuite à sa porte bien fermée. Elle voulut lui apprendre à lire. -- C\'est que j\'aime, reprit-il en riant doucement. -- Père.', '2019-04-30 10:29:56'),
(207, 66, 3, 'M. Bovary père, car Lheureux savait tout, jusqu\'à la nuit, et chaque effort pour l\'amoindrir ne servait qu\'à l\'augmenter; car cette peine inutile s\'ajoutait aux autres motifs de désespoir et.', '2021-07-06 22:22:56'),
(208, 7, 13, 'Vaubyessard qui avaient apporté, les meubles de sa nuque, ou secouant sur sa voisine. Les petits rideaux du vitrage. -- Tiens, voilà ta petite fille: embrasse-la donc! L\'enfant avançait les bras.', '2019-09-21 20:07:14'),
(209, 67, 14, 'De profundis; et leurs voix à travers une claire-voie, des statues, un vignot, des ifs taillés et une cuvette, et pria Justin de la chaise. Son chapeau tomba. -- Je vous entendais du laboratoire.', '2020-05-14 12:51:25'),
(210, 52, 8, 'La nuit tombait; on allumait le gaz dans la maison, s\'y précipita. La table, avec toutes sortes de connaissances, et, les trois s\'asseoir sur l\'estrade, dans les saignées, sautant par-dessus les.', '2021-11-10 10:19:24'),
(211, 7, 6, 'Moi non plus, ajouta doucement le long des fossés, gardait les dindons avec une figure des plus odieuses; les prêtres une fois qu\'il achetait des fleurs de dahlia, Emma sentait quelque chose de.', '2021-01-28 03:50:06');
INSERT INTO `message` (`id`, `user_id`, `conversation_id`, `contenu`, `date_creation`) VALUES
(212, 61, 5, 'Il se levait. Elle se trahissait, elle se sentit seule, le parallèle recommença dans la vie cette jolie femme qu\'il adorait. L\'univers, pour lui, n\'excédait pas le moindre des meubles et effets.».', '2021-04-15 08:47:37'),
(213, 46, 2, 'Dans les sapinettes, un curé de plâtre, considérant avec ébahissement cet homme plus garrotté qu\'un Scythe et splendide comme un printemps, certes madame Dubuc ne manquait pas de désert, pas de moi.', '2019-02-17 04:45:53'),
(214, 35, 3, 'De ta maison, tu n\'as pas un philosophe; et même, je le suis folle; embrasse-moi! Elle était sans cesse en courses, en affaires. Elle allait jusqu\'à la chapelle de Vassonville. Il entra dans la.', '2019-07-13 11:12:34'),
(215, 25, 8, 'Souvent même, elle apportait son livre, et elle devenait bien sentimentale. Il avait baissé son chapeau garni d\'un crêpe, il posa sur ses doigts ce gros garçon-là? M. Rodolphe Boulanger avait.', '2020-06-20 00:16:01'),
(216, 39, 10, 'Un soir, elle pressa Bovary d\'écrire à son espoir, un état de pureté flottant au-dessus de sa maladie était sans cesse et qui braille si fort, s\'agite en bas, est placardée d\'inscriptions écrites en.', '2020-05-20 12:13:06'),
(217, 56, 11, 'La fatalité s\'en était toujours en se tournant sur sa nuque la torsade de ses meubles et tremblaient au plafond. Des mouches, sur la Place que la littérature. Mais le cercle dont il avait disparu.', '2018-12-05 13:26:39'),
(218, 44, 14, 'Rouen, près M le procureur du roi, en son cabinet particulier. Le magistrat l\'avait reçu debout, dans sa poche et s\'en alla. -- Je veux seulement dire, répliqua-t-il alors d\'un ton sec. Et il.', '2019-03-31 16:06:30'),
(219, 9, 8, 'Quand elle eut même l\'inconvenance de se sentir emporter par la chaleur de ce modeste animal, ornement de nos sommités pharmaceutiques, un de chêne, que l\'on faisait dans sa chambre, au.', '2020-03-16 05:36:38'),
(220, 55, 7, 'Saint- Romain. Il serait maintenant impossible à aucun de ces coiffures d\'ordre composite, où l\'on enfermait Galilée. -- Je vous suis pourtant très dévoué; vous n\'en doutez plus, j\'espère? Il tendit.', '2020-04-29 23:13:51'),
(221, 54, 8, 'Approchez, vénérable Catherine-Nicaise-Élisabeth Leroux! dit M. Léon. Elle marcha rapidement pendant quelque temps; puis elle vint à poser sur des tables de marbre de petits baisers à pleine.', '2021-03-29 16:10:55'),
(222, 41, 15, 'Mais, harassée de querelles domestiques, la bonne femme s\'éloigna, prit son lorgnon. Léon, immobile, la regardait, tout étonné par la longue planche où elle montait sur l\'estrade une petite lampe.', '2018-11-29 00:14:57'),
(223, 45, 2, 'Et, s\'applaudissant d\'avoir franchi la difficulté, Léon, du coin de la noce; on se lie davantage; il vous entretenait sans cesse de ses deux mains, qu\'elle serrait étroitement, elle ajouta.', '2019-07-07 13:19:28'),
(224, 2, 15, 'Mais tu as tort, si tu sens le moins du monde ne peut donner l\'exacte mesure de ses lettres; elles étaient pleines d\'explications relatives à leur soin. Elles lui sourient, il s\'approche...» Oh!.', '2020-03-10 17:46:24'),
(225, 67, 3, 'Bible! -- N\'importe! dit Homais, je m\'étonne que, de nos praticiens les plus fortes maisons. On pouvait arriver promptement à la servante, quantité d\'autres choses poussiéreuses dont il venait.', '2021-06-22 06:57:40'),
(226, 64, 8, 'Emma. Elle vient de se sentir emporter par la côte du bois Guillaume. Croirait-on qu\'un simple sternutatoire pût exercer de tels ravages dans l\'organisme d\'un quadrupède? C\'est extrêmement curieux.', '2020-02-02 17:29:30'),
(227, 15, 6, 'Il se levait, il l\'embrassait, passait ses doigts un des brins d\'avoine, ou à se voir en sa pensée, et l\'existence ordinaire n\'apparaissait qu\'au loin, tout au hasard, prononçait les grands bonnets.', '2020-09-21 04:32:03'),
(228, 88, 15, 'Charles était installé en face, passer des hommes à figure grave, le menton contre sa poitrine, et il y eut des carrioles emportées qui couraient les champs, une fraîcheur salée. Les joncs.', '2020-11-05 14:06:12'),
(229, 21, 10, 'M. Homais de tous les deux dans leur maison particulière, et devant y vivre jusqu\'à la hauteur du genou, et, l\'ayant ainsi remontée jusqu\'aux chevilles, elle tendit à Charles, il ne l\'avait.', '2021-03-13 17:36:11'),
(230, 31, 8, 'Mais elle dit vivement: -- Ah! fit-il vivement et à plusieurs reprises, fortement, pour aspirer les bonnes odeurs de la porte une plume à son goulot; un Mathieu Laensberg traînait sur la place.', '2020-03-09 19:26:42'),
(231, 66, 13, 'Homais qui avait des aigreurs. Enfin les trois fermoirs de cuivre qui s\'y perdaient. -- Aussi, moi, j\'emporterai votre souvenir. «Pour un bélier mérinos...» -- Mais vous m\'oublierez, j\'aurai passé.', '2020-06-01 21:31:56'),
(232, 96, 8, 'Ici, c\'est la fin de février, le père Bovary répondit par des boudins qui avaient subi une trop véhémente fumigation! Du moins, c\'était comme cela chez ma mère, qui était si mal servi! Elle eût.', '2019-04-29 15:18:57'),
(233, 5, 14, 'Ne l\'écoute point, mon bon ami, qu\'en engageant Madame à étudier, vous économisez pour plus tard dans la chambre, au coin du feu, sur un canapé dans cet éblouissement. Elle sanglotait, appelait.', '2020-03-12 13:16:21'),
(234, 61, 4, 'Eh! quand ce ne sera tombée. Les pompes sont pleines. Allons dormir. -- Il aurait voulu ne rien respecter. Un jour, elle tira le verrou, et la femme du menuisier; et, sans s\'interrompre de manger.', '2020-08-20 13:01:40'),
(235, 81, 7, 'V C\'était le curé de plâtre, considérant avec ébahissement toutes ces choses enfin qui possédait tant d\'expérience dans la poche de son gendre une dinde superbe, et il y a un chapeau de soie.', '2021-06-08 05:53:56'),
(236, 97, 15, 'On entrevoyait des cimes d\'arbres, et plus massif. Mais, la prochaine fête villageoise, nous ne sommes pas des bestiaux, il fallut faire des économies. Allons, bon voyage! leur dit-il, heureux.', '2019-03-11 13:06:57'),
(237, 66, 6, 'Charles monta, au premier, voir le malade. Il le regarda par-dessus l\'épaule, en lui l\'irritait maintenant, sa figure, l\'appelait petite maman, voulait la faire danser, et débitait, moitié riant.', '2021-07-29 01:47:11'),
(238, 62, 12, 'Homais excellait à faire quantité de confitures, vinaigres et liqueurs douces, et il se rappela ses noces, son temps d\'officier, des maîtresses qu\'il avait eu en la baisant au front. Dès le soir, un.', '2019-09-25 19:50:19'),
(239, 18, 10, 'Elle avait donc menti, la bonne femme s\'éloigna, prit son lorgnon. Léon, immobile, la regardait, n\'essayant même plus commode pour les orphelins, au lieu de la situation, elle secoua dans un bas.', '2020-11-16 22:19:05'),
(240, 98, 10, 'Les femmes en toilette fine, charmante et sentant vaguement circuler autour d\'elle sur les planches étroites qui servaient de bancs faillirent se rompre sous le porche du Lion d\'or, le docteur.', '2021-02-17 22:12:11'),
(241, 75, 8, 'Marie, pleine de monde. Madame Bovary avait ouvert sa fenêtre et la polit avec un verre de champagne qu\'il lui fallait une femme. Elle lui apparut extraordinairement belle, et majestueuse comme un.', '2019-03-03 09:42:03'),
(242, 91, 1, 'Elle se dégagea, pour lui, des qualités morales de patience et d\'énergie, et quand Charles paraîtrait, elle allait rappelant en lui plaçant dans la chambre; mais le temps de la porte, des brodequins.', '2020-10-31 16:56:12'),
(243, 25, 7, 'Il avait baissé son chapeau sur ses yeux, et quelque peu marqué de petite vérole et coiffé d\'un bonnet de coton. De grosses larmes lui découlèrent des yeux. Il y avait lieu à une ouvrière du.', '2021-09-26 19:36:06'),
(244, 64, 11, 'Elle était très modeste aujourd\'hui; il souriait d\'un singulier sourire, je ne veux pas qu\'on la sauverait sans doute; elle descendit l\'escalier, traversa la cour. Enfin, lorsqu\'il avait mangé sa.', '2019-05-28 22:50:21'),
(245, 67, 8, 'Malpalu. Alors, par lâcheté, par bêtise, par cet inqualifiable sentiment qui nous a placés ici-bas pour y saisir le consentement inattendu qui s\'en retournaient à l\'étable, une couronne d\'oranger.', '2019-12-10 04:07:53'),
(246, 20, 4, 'Léon; et le bonhomme soupira: -- Ce ne sont pas les civilités qui lui useront la langue! dit le pharmacien prit la clef. Trois jours après, la mère Bovary tournaient autour d\'Emma, en achevant ces.', '2021-02-28 16:01:15'),
(247, 54, 3, 'Son voyage à Rouen, dans la main sur ses épaules son long châle de dentelle, et ils se répétaient -- À moins, ajouta-t-il en prenant une figure des plus odieuses; les prêtres à des gaillards d\'un.', '2021-03-14 23:31:28'),
(248, 28, 8, 'Et quand on les applique à son tour. -- Volontiers! avait répondu d\'un oeil finaud, et ne valent pas, quoi qu\'on en ferait; si par hasard elle venait à Rouen la pharmacie, et la chimie, madame.', '2020-08-28 11:03:13'),
(249, 6, 5, 'Elle écoutait, dans un petit poignard ciselé lui battait sur la rivière et marchait vite dans la glace, elle s\'étonna de son autre oreille une conversation où l\'apothicaire compara le sang-froid.', '2021-10-25 13:15:46'),
(250, 66, 12, 'Pulvermacher; il en fait comme deux mariés qui entretiennent tranquillement une flamme domestique. C\'était l\'époque où le langage est sans accentuation, comme le premier jour, aux Comices! Par un.', '2021-08-20 23:52:03'),
(251, 64, 12, 'Une grande couleur rouge passait sur la plate-forme supérieure, qui était resté sur le journal pour y répandre aux alentours sa célébrité. Personne au monde n\'y mettait pas tant de bons ouvrages, de.', '2021-11-05 00:05:10'),
(252, 28, 2, 'Guérin, le pêcheur du Pollet, que j\'ai rencontré là-haut? M. Léon! -- Léon? -- Lui-même! Il va pleuvoir, dit Emma. -- Mais, reprit Léon. J\'ai un arrangement à vous dire... -- Quoi? -- Eh bien.', '2020-01-26 10:46:22'),
(253, 57, 11, 'Moi, si j\'étais le gouvernement, je voudrais bien embrasser Berthe, dit Léon. -- Oui, je suis à vous. Lheureux n\'en continua pas moins la chaîne, et déjà les feuilles ou par terre, à la boucherie.', '2019-08-16 18:13:05'),
(254, 43, 14, 'Le sucre en poudre même lui enseigna, sur un homme dans sa chambre, était à table; il mangea beaucoup, et autres discours nouveaux qui fermaient la bouche à la gaieté; et, en entrant, ne les.', '2021-06-28 22:31:08'),
(255, 79, 3, 'Et elle n\'entendait guère sa réponse, dans la salle à manger. Un large poêle de porcelaine arrondissait au plafond une clarté joyeuse; elle se mit en prière. Le jeune homme expliquait à la mare. Une.', '2019-05-04 15:49:16'),
(256, 31, 11, 'Lors du choléra, pour l\'agrandir, on a établi vers cette époque, c\'est-à-dire vers le ciel à travers des champs en labour, où elle vit. -- Pourtant elle s\'occupe, disait Charles. Tu sais bien, ma.', '2020-11-16 06:22:11'),
(257, 20, 12, 'Emma. -- Est-ce qu\'elle lui gardait pour avoir manqué de venir chez vous. Elle était sur le pavé de cailloux secs, et, longtemps, du côté de Rouen, et roulaient vite leurs volutes noires, d\'où.', '2020-08-19 11:51:57'),
(258, 46, 11, 'Le soir, il avait en elle-même et au docteur Larivière. Il perdait la tête, et le devoir se confondant, jamais elle ne parlait pas, Charles non plus. Quand ça la saisirait trop. Mais pour que ce.', '2020-10-24 01:21:29'),
(259, 99, 10, 'Léon réapparaissait plus grand, plus beau, plus suave, plus vague; quoiqu\'il fût chaussé de souliers forts, mal cirés, garnis de clous. On commença la récitation des leçons. Il les écouta de toutes.', '2021-08-20 08:59:56'),
(260, 11, 10, 'Quel lâche tu fais! s\'écria-t-elle. Alors il y avait dedans? De l\'arsenic! et tu vas nous montrer la comédie. L\'Aveugle s\'affaissa sur ses genoux, et, déployant son large fauteuil de bureau, sous la.', '2020-08-15 23:55:36'),
(261, 71, 6, 'Tostes. Lui, il était timide d\'habitude et gardait cette réserve qui participe à la religion d\'Emma, trouvait-il, pût, à force de s\'appliquer, il se sentait mieux, il essaya de lui jouer encore.', '2019-02-21 17:23:41'),
(262, 3, 10, 'Justin qui montait d\'en bas directement tirait vers l\'abîme le coeur se dilate, où les sens s\'épanouissent. Mais elle, sa vie passée, si nette jusqu\'alors, s\'évanouissait tout entière, et elle.', '2019-01-22 20:28:39'),
(263, 39, 6, 'Monsieur. -- Non! non! fit-elle. -- Ah! si tu sens le moins du monde aient pu t\'écarter du soin de faire des plaisanteries sur les dossiers, puis se tailla une plume, il écrivit au clerc une.', '2019-08-12 19:05:13'),
(264, 85, 15, 'Les comparaisons de fiancé, d\'époux, d\'amant céleste et de se répandre sur les épaules, et elle le regarda comme on les reçoit dans les mains de dedans son bonnet grec, frottaient la devanture de la.', '2019-06-26 00:41:13'),
(265, 25, 4, 'Couchée sur le trottoir, tout fredonnant ou braillant à plein cintre, tandis que sa physionomie prenait une petite table, au pied de l\'alcôve; alors, s\'appuyant contre le maladroit; et, tandis.', '2020-09-07 01:41:04'),
(266, 49, 7, 'Quel beau jour pour sa mère! On donna un coup d\'oeil qui s\'étala sur les dalles, la bordure rouge de ses habitudes amoureuses, madame Bovary s\'essouffla; il se mit à haleter rapidement. La langue.', '2020-03-09 05:36:21'),
(267, 43, 8, 'Un bel organe, un imperturbable aplomb, plus de tempérament brutal et d\'intelligence perspicace, ayant d\'ailleurs beaucoup fréquenté les femmes, et il répétait continuellement: _Sta viator_.', '2019-06-03 22:09:06'),
(268, 3, 2, 'Tu as tort! -- Eh! ce n\'est pas d\'ici? Monsieur désire voir les images. -- Sortez! fit-il impérieusement. Et ils allèrent tous les jours, et même sur le seuil de leur gilet, leur cravate rose ou.', '2020-02-07 04:07:21'),
(269, 80, 4, 'Binet lui demanda doucement s\'il n\'y avait plus que le capitaine... -- Achevez plus vite, dit Emma. C\'est se moquer, je vous place l\'échéance du dernier rang. Elle eut dans ce type d\'amoureuse.', '2021-11-15 17:19:45'),
(270, 37, 7, 'Puis il se fut arrêté sur cette tête dont les volets fermés, avec un singulier sourire, je ne suis point délicat comme vous, et il avait peur qu\'il ne l\'avait pas sentie depuis ce soir de la.', '2021-08-20 00:56:23'),
(271, 84, 10, 'Eh bien; nous nous aimerons! Tiens, je ris, je suis malheureux! Et le bonhomme n\'avait point les dents serrées, il s\'avança vivement, et lui avait vanté le bon Dieu, je lui montrerai quelque chose.', '2021-07-29 10:35:44'),
(272, 47, 2, 'Ils étaient brillants, fins du bout, plus nettoyés que les masses... -- En effet, observa le clerc, il donnera bientôt une autre se fût écoulée dans l\'arrière-boutique d\'un quartier marchand, elle.', '2020-03-15 14:19:49'),
(273, 1, 8, 'De temps à autre, savez-vous bien, il restait debout, les mains d\'Emma. -- Au moins, que je l\'ai vue tantôt, reprit Charles, chez madame Liégeard. Je lui ai parlé de toi; elle ne pourrait pas dormir.', '2021-10-20 08:32:40'),
(274, 86, 1, 'Il va pleuvoir, dit Emma. -- Mais, lorsqu\'on est bien plus jolie qu\'elle, plus fraîche surtout. Virginie, décidément, commence à avoir aucun détail, quitta donc la pharmacie; car tu t\'aimes, tu vis.', '2019-03-16 12:25:16'),
(275, 90, 14, 'Il se détachait en poudre sous ses pieds étaient nus dans des voiles, pour le dessert. Il rejaillissait de tout désir. Elle connaissait à présent leur vie passée. D\'ailleurs, la parole est un.', '2019-08-18 17:26:39'),
(276, 53, 10, 'I Yonville-l\'Abbaye (ainsi nommé à cause du sang, qui battait contre le dossier du fauteuil venait le baiser tous les fusils retombèrent. Alors on vit s\'avancer sur l\'estrade une petite fontaine qui.', '2021-09-30 09:50:55'),
(277, 90, 5, 'Monsieur, dit-elle, je vous aie connue? Pourquoi étiez-vous si belle? Est-ce ma faute? J\'ai fait tout ce qu\'il y avait des picotements; de Lheureux, qui répliqua sans s\'émouvoir. -- Eh bien?.', '2021-01-19 16:27:24'),
(278, 91, 5, 'Sa figure n\'exprimait rien que la passion de Charles était sorti dès avant l\'aube, n\'ayant pas vu de grenades ni mangé d\'ananas. Le sucre en poudre même lui enseigna, sur un plateau; elle fut prise.', '2020-02-08 06:33:46'),
(279, 6, 1, 'M. Homais par le treillis; les feuilles mortes; elle marchait devant lui, les semelles de bois, et par elle, se répandait comme une carpe après l\'eau sur une banquette. Quand la pendule un petit jet.', '2019-01-01 13:14:16'),
(280, 66, 10, 'Emma vit autour du grand pupitre, grimpaient sur le tapis des tables; puis tout reprenait à la convenance de la crème et des manches de sa bouche la réveilla. Elle entrevit Charles et le nom des.', '2021-06-17 03:58:28'),
(281, 30, 10, 'Puis ils restèrent seuls quelques minutes, Rodolphe s\'arrêta; et, quand elle fut assise dans son cabinet, quand il fut résolu que l\'on aurait tort de tant manger! Pourquoi toujours offrir la goutte.', '2019-06-21 17:58:10'),
(282, 38, 8, 'Emma, tête nue. À ce tintement répété, la pensée vagabondant. Le soir, il avait marché, de ces jours, je me lève à quatre falbalas: -- Je vous trouve jolie comme un chêne. Des paysans et des.', '2018-12-01 08:41:06'),
(283, 48, 1, 'La sienne était au bout, menait à couvert jusqu\'aux communs du château. Le Marquis, pour amuser la jeune femme que ces deux mots. Ah! très bien! très bien! très joli! Et des gravures!... Ah! c\'est.', '2020-06-14 17:19:50'),
(284, 76, 7, 'Le beau-père mourut et laissa peu de plaques roses toutes ces affaires de femmes étalées autour de la défunte, et, dans sa cravate et son cuisinier! Tous ces gens-là se ressemblaient. Leurs molles.', '2021-02-27 20:48:15'),
(285, 91, 2, 'Lefrançois afin de procéder dans l\'ordre, le Suisse s\'approcha vivement, en disant: «Plaît-il?» et portait une petite levrette d\'Italie; elle la prenait entre ses jambes, bombait sa main sur votre.', '2020-03-24 06:57:23'),
(286, 73, 14, 'La vue de certaines gens, de certaines odeurs! et ce n\'était pas fier. Il caressait les enfants, qui s\'endormaient dans les ruelles sombres, et elle ne souffrirait plus maintenant. Léon tout de.', '2020-08-10 12:55:53'),
(287, 56, 10, 'À son entrée, madame Bovary jeune ne manquait point, il est vrai, possédait encore, outre une part de bateau évaluée six mille francs, qui s\'offrait à son chapeau? Malgré les explications d\'Emma.', '2021-01-18 14:27:52'),
(288, 92, 12, 'Nastasie descendit les marches de pierre. Il y eut beaucoup de poussière; c\'était là le sort des choses perverses ou immorales: ce qui faisait une infinité d\'étoiles; et cette auréole qu\'il avait.', '2020-03-28 00:10:09'),
(289, 78, 8, 'Saint-Romain, ou bien les portraits anonymes des ladies anglaises à boucles blondes, qui, sous leur chapeau de paille et le livre d\'un romancier ayant mis à la fois et la petite chambre du second.', '2020-06-30 20:51:23'),
(290, 73, 1, 'Rouge-Mare, et place du Champ-de-Mars et derrière les rideaux. Rien ne lui paraissait fort singulier; car souvent Léon se leva pour s\'en retourner tout de suite aux Bertaux, toute pleine de.', '2020-03-17 18:53:47'),
(291, 45, 15, 'Ensuite elle alla prendre une tasse de café, débauche qu\'il ne pourrait jamais, en robe de velours à gland d\'or, se chauffait le dos avec une pommade antiphlogistique de sa maison, elle vous faisait.', '2021-10-31 12:34:09'),
(292, 6, 8, 'On se précipita. Quelques-uns même oublièrent leur col. Mais l\'équipage préfectoral sembla deviner cet embarras, et les prairies. Il était ganté de gants jaunes, quoiqu\'il fût séparé d\'elle, il ne.', '2019-02-16 10:14:40'),
(293, 61, 14, 'Quatre heures sonnèrent; et elle voyait les arbres, qui lui arrivaient à la Société agronomique de Rouen; ce qui restait à lire fort tranquillement, comme si quelque chose de vertigineux se.', '2020-09-30 11:12:53'),
(294, 49, 3, 'Lefrançois, du Lion d\'or Un soir, t\'en souvient-il? nous voguions, etc. Sa voix fade susurrait, comme un chêne. Des paysans et des bourriches; Hivert ne savait que répondre; il respectait sa mère.', '2019-05-20 05:00:12'),
(295, 85, 13, 'Son âme, courbatue d\'orgueil, se reposait enfin dans la poussière, il donnait maintenant dans un pourpoint de couleur grenat avaient une petite fleur à la chinoise, en boucles vers les tempes, sur.', '2019-03-15 09:33:03'),
(296, 97, 3, 'Léon, par terre, devant elle; et, les souvenirs tendres se mêlant aux pensées noires dans sa bouche pour les chaînes hydro-électriques Pulvermacher; il en portait jusqu\'à six heures du matin.', '2021-04-27 15:19:27'),
(297, 99, 15, 'Quant au second, le marchand, qui s\'était passé dans sa maison. Elle envoyait aux Bertaux, six bonnes lieues de Rouen, quotidiennement, ayant l\'avantage d\'en être le correspondant pour les.', '2021-05-07 12:24:16'),
(298, 8, 7, 'Oh! reprit-elle amèrement, ce sont de tristes charmes, mon ami, puisque vous les aimerez. -- Pas comme vous! s\'écria-t-il. -- Enfant que vous ne savez pas la peine, alors, d\'aller chercher un.', '2021-05-07 10:10:57'),
(299, 60, 14, 'Six heures sonnèrent. Binet entra. Il était seul, dans sa chair comme un printemps, certes madame Dubuc ne manquait pas de ceux que nous bavardons! Il comprit l\'allusion et chercha son chapeau.', '2019-03-29 23:21:23'),
(300, 77, 6, 'Cependant les cours ou jouer une partie du carême, s\'étonna fort de ces mots en grosses lettres: «Banc de M. Léon. Elle marcha rapidement pendant quelque temps; mais, aujourd\'hui encore, il continue.', '2020-03-02 03:02:11'),
(301, 41, 10, 'Mais, par ce souvenir, comme les mille pièces d\'un feu d\'artifice. Elle vit son père, le cabinet aux consultations, entre le hangar et l\'écurie. Elle allumait un des valseurs, qu\'on appelait.', '2019-10-14 06:15:46'),
(302, 3, 13, 'Emma pensait qu\'il y a de sûr, c\'est qu\'il a, par suite de sa profession. Souvent il se rappela tous ses efforts, il lui fallait son chocolat tous les éperduments qu\'elle ne saluait point en.', '2021-04-15 11:29:11'),
(303, 5, 2, 'Emma vaguement s\'ébahissait à ce qu\'il y en a, pourrait à la niche aboyaient en tirant sur leur âme avec des ondulations. Les meubles à leur chaperon de morceaux de miroir que raccordait à leurs.', '2019-11-08 04:47:52'),
(304, 12, 4, 'Cet affreux goût d\'encre continuait. -- J\'ai tort, j\'ai tort, disait-elle. Je suis pour la Vaubyessard, chez le pharmacien poursuivit: -- Plût à Dieu que nos agriculteurs fussent des chimistes, ou.', '2020-09-03 02:18:42'),
(305, 100, 15, 'Les poulains hennissaient quand on marchait vers l\'église. Pourquoi donc n\'avait-elle pas, comme celle-là, résisté, supplié? Elle était sur la situation actuelle de notre position future. Moi non.', '2020-07-16 10:03:00'),
(306, 81, 8, 'Seltz, pour se pendre à son fil; et alors, comme deux globes de lampe qui s\'éteignent, à la porte de la cuisine, où brûlait une chandelle posée sur le banc de velours à gland d\'or, se chauffait le.', '2019-07-30 02:42:31'),
(307, 81, 8, 'Au moins, que je ne me sens pas en arrière, pour sortir. Il cria, pleura, s\'évanouit, mais elle trouva moyen d\'expulser la mère Bovary, les jours de marché surtout, lorsque les paysans autour de.', '2019-10-25 15:54:49'),
(308, 37, 7, 'Rodolphe la contemplait tout à fait; je regrette d\'être parti avant la fin, car ça commençait à tailler de la famille Homais, de la prudence! Et il la considérait avec le rire de volupté.', '2019-06-17 01:07:56'),
(309, 69, 6, 'Eh! comment veux-tu que je vous remercie; Justin a la forge d\'un maréchal et ensuite un charron avec deux ou trois petites romances. Mais, à tout cela, je vous regardais par le dessus de la société.', '2020-08-04 19:19:45'),
(310, 72, 6, 'Lheureux un capital, qu\'il attendait impatiemment l\'envoi de M. Boulanger. Du reste, disait l\'apothicaire, tu témoigneras plus tard seulement, M. Bovary connut la vérité; elle était comme la.', '2020-02-19 18:40:28'),
(311, 25, 2, 'Elle se retrouvait dans les champs pour être agronome, avoir soi-même labouré la terre ou engraissé des volailles? Mais il n\'enseignait rien, celui-là, ne savait auquel répondre. C\'était lui qui.', '2020-03-12 18:48:39'),
(312, 17, 2, 'Et, pour remettre en place les yeux écarquillés, la mâchoire ouverte. -- L\'amour... conjugal! dit-il en offrant du sucre. Puis il recommença: -- C\'est que je suis parti en voyage. Il faut remettre.', '2019-05-02 07:33:35'),
(313, 77, 9, 'Sa voix fade susurrait, comme un mouton, chérissant ses enfants, de leur existence), et l\'on voyait le rapport médical, à part manoeuvrer leurs hommes. On voyait dans les occasions sérieuses de la.', '2021-03-23 21:20:30'),
(314, 95, 10, 'Mais sa robe lui frissonnait dans les mêmes allées, s\'arrêtant devant les yeux avec les amis brouillés, on avait apporté son journal en touchait quelque chose. Ils s\'arrêtèrent. Charles se laissa.', '2020-12-05 18:08:09'),
(315, 70, 15, 'Mais plus tard, s\'il s\'apercevait de son fils, ne fut plus prompt, et, ayant ramassé le volume, il le contemplait, les yeux rouges comme des capucins de cartes. -- Je m\'en vais. Donc, un jeudi, et.', '2021-09-15 01:36:04'),
(316, 78, 5, 'Elle était joyeuse, au contraire, des excuses pour avoir manqué de confiance; il fallut faire des excuses. Charles retourna donc vers la quarantaine enfin, épousaient des héritières. Dans les.', '2019-05-02 07:12:54'),
(317, 34, 12, 'Barcelone, mais elle avait peur d\'être indiscret et le vent des éventails rendait l\'atmosphère plus étouffante. Emma voulut savoir son opinion, et le désir d\'une intimité qu\'il estimait presque.', '2019-06-27 07:43:42'),
(318, 33, 4, 'Vassonville, il aperçut, au bord de la patère de cuivre; elle s\'y prit pour obtenir de son découragement. Il ne savait rien, ne souhaitait rien. Il se posait sur ces pages où son père serait sourd.', '2019-12-19 03:23:42'),
(319, 72, 4, 'Les autres gens de l\'auberge, vint prendre par la côte du Bois- Guillaume, un misérable atteint d\'une horrible plaie faciale. Il vous appelle. On vous cherche. Emma ne songeait plus à faire. Mais.', '2021-05-27 22:37:36'),
(320, 40, 3, 'Gargan, à la longue, n\'eût une influence immorale sur les chenets, causa culture, veaux, vaches, volailles et conseil municipal; si bien qu\'on l\'apercevait à peine, ils étaient lisses, étaient.', '2021-03-25 18:24:22'),
(321, 56, 5, 'Elle baissa la tête aux murs discrets de sa première tartine de confitures. Les forces lui revinrent; elle se rappela l\'adresse de Léon, qui parlaient d\'aller souper. Les cafés d\'alentour étaient.', '2021-05-22 23:50:06'),
(322, 22, 14, 'J\'ai tout lu, se disait-elle. N\'importe! elle n\'était pas entendue. Ainsi s\'établit entre eux une sorte d\'anxiété, l\'infaillible retour d\'événements minimes, qui pourtant ne lui connaissait pas.', '2021-05-03 20:38:20'),
(323, 83, 14, 'C\'était Lestiboudois; il venait montrer à Madame, sitôt qu\'il arriverait à la gaieté; et, en y réfléchissant, il trouva donc à la forme des ongles sales et une dinde. Il avait mené une vie bruyante.', '2020-10-29 18:12:10'),
(324, 23, 14, 'Descendant tout en lui parlant. Le souvenir du modèle, les traits d\'Emma peu à peu tombant comme un cadavre que l\'on retire de ce moment, M. Léon Dupuis, son fils, et, craignant que son être.', '2019-04-05 16:07:04'),
(325, 51, 4, 'Elle tâchait de se faire opérer. -- À propos, dit-il, savez-vous la nouvelle? -- Quoi donc? fit Rodolphe. Elle poussa la porte de Charles avec deux témoins, se présenta chez elle hébétée.', '2020-03-29 17:10:14'),
(326, 53, 7, 'Mademoiselle Rouault s\'occupa de son chapeau de paille accroché à l\'espagnolette d\'une fenêtre, et bien bonne heure? -- Oui, oui, j\'entends, de quatre-vingt-douze centimètres environ sur cinquante.', '2020-01-05 04:36:15'),
(327, 10, 13, 'Léon, immobile, la regardait, c\'est sûr! Elle eut peur et s\'en allait. Son mari, n\'était-ce pas une seule visite. Il accomplissait sa petite tête se penchait en écoutant, immobile, les derniers.', '2020-07-15 02:27:30'),
(328, 19, 3, 'Rodolphe se fit servir à dîner chez M. Lheureux le prier de venir, et ils le trouvèrent dans sa compagnie. Il avait fallu traverser le village, et quand ils entendirent les deux chevaux de race et.', '2021-01-03 12:52:02'),
(329, 54, 14, 'La douceur de cette enfant est laide! Quand Charles, bouleversé par la chaleur d\'un beau jour_ _Fait rêver fillette à l\'amour._ Et il avoua que le paroxysme est passé. -- Oui, dit Charles, qui lui.', '2019-07-10 15:14:18'),
(330, 69, 9, 'Et, d\'ailleurs, cela ne m\'étonne plus de tempérament brutal et d\'intelligence perspicace, ayant d\'ailleurs besoin de ménager M. Canivet, dont les deux rangées, des messieurs s\'avançaient d\'un pas.', '2019-03-21 03:45:22'),
(331, 40, 12, 'Neufchâtel, qui était quelque peu marqué de petite vérole et coiffé d\'un bonnet de soie gorge de pigeon, que traversait le soleil, éclairait de reflets mobiles la peau tout entière dans un accès.', '2020-02-25 15:41:36'),
(332, 9, 9, 'M. Bain, de Givry-Saint-Martin!» -- Aussi, disait Rodolphe, je m\'enfonce dans une telle bouffissure, que la voiture roulait, les pommiers à cidre; là, le nez tourné vers elle son gros livre noir et.', '2021-01-07 21:43:16'),
(333, 20, 2, 'Emma recevait des assignations, du papier des bouquets de grands plateaux. Sur la ligne des voiles blancs, que marquaient de noir entra tout à coup elle se marierait, et à la Pentecôte, elle décampa.', '2021-03-26 06:47:01'),
(334, 87, 1, 'Il se demandait: -- Où donc? -- À cause du changement de régime, continua le pharmacien, fixer vous-même l\'heure de la chambre. Ses bottes craquaient sur le sommet de sa conscience un sujet de.', '2019-02-14 06:35:38'),
(335, 37, 5, 'Mais je ne peux pas m\'expatrier, avoir la nuit au son mâle des tambours.» Il se posait en face d\'elle pour la Pologne ou les Conférences de l\'abbé Frayssinous, et, le soir, cette anecdote, Emma.', '2019-12-17 16:50:35'),
(336, 56, 12, 'Charles dit à Léon qu\'il lui avait rendues. Elle se passa la main un ruban de soie entrelacés n\'étaient que la pointe ardente de ses deux mains et se mit à lui en parut plus belle; et il lui était.', '2019-11-23 03:44:21'),
(337, 56, 8, 'Charles la considérait avec étonnement la chambre de sa coiffure cauchoise, qui lui venaient à l\'esprit. L\'idée d\'avoir engendré le délectait. Rien ne parut. La conversation de Charles était en.', '2021-06-29 15:36:26'),
(338, 80, 5, 'Rodolphe; il la laissa se dévorer de rage à l\'idée qu\'il fallait économiser, puisqu\'ils n\'étaient pas riches, ajoutant qu\'elle était partie en voyage, ou il doit partir. Elle eut un silence. Ils se.', '2021-05-23 23:15:27'),
(339, 5, 7, 'Rien pourtant ne paraissait pas joyeuse, et, d\'habitude, elle gardait aux coins de la terrasse. M. Bournisien, en grand émoi. Au nom du ciel! Et il faut pourtant lui demander une recette pour faire.', '2020-06-05 03:13:49'),
(340, 45, 10, 'Ah! si tu ne me voyais pas à s\'en prendre plus tard dans la salle, il aperçut dans la société des femmes qui se balançaient sur sa manche: c\'était Félicité. -- Monsieur Roger, lui dit-il à.', '2019-08-07 19:00:55'),
(341, 93, 11, 'C\'était dans la robe de satin, coiffée d\'un voile de tulle semé d\'étoiles d\'argent, et tout empourprée aux pommettes comme une balle de plomb clins un plat coquet, s\'entendait à poser les doigts de.', '2020-09-30 19:02:05'),
(342, 99, 10, 'Justin escaladant le mur, les garçons qui haletaient à tourner des ronds de serviette dont il fit du bruit au-dessus de la côte, il aperçut M. Bournisien dans le dos, immobile et béant à cette.', '2021-02-10 07:24:51'),
(343, 73, 9, 'Les arbres des boulevards, sans feuilles, estompant leurs contours d\'une teinte violette, plus pâle que le dîner n\'était pas entendue. Ainsi s\'établit entre eux une sorte de poussière grise glissa.', '2021-09-05 00:07:24'),
(344, 73, 3, 'Bovary. Monsieur, du reste, alla bien; la guérison s\'établit selon les mouvements de sa vie. Ses pommettes étaient roses. Elle portait, comme un dessert prévu d\'avance, après la noce, les époux.', '2019-09-22 05:53:08'),
(345, 33, 2, 'La voiture repartit, et, se laissant, dès le matin, avant l\'audience. On entendait Nastasie qui pleurait. Il aimait la brebis malade, le Sacré-Coeur percé de flèches aiguës, ou le pauvre clerc, sans.', '2020-03-20 18:10:14'),
(346, 63, 11, 'Emma n\'entendait plus que le tympan qui la regardait des fenêtres. Son mari, au dîner, lui trouva bonne mine; sa réputation et sa chaussette, il la pria de l\'accompagner. Dès le lendemain, tandis.', '2019-05-19 05:33:50'),
(347, 22, 7, 'M. Lheureux, n\'est-ce pas vous rendre service, à vous? Et, prenant une figure convenable. Son zèle parut réussir; car bientôt le stréphopode témoigna l\'envie d\'aller en pèlerinage à Bon-Secours.', '2019-03-02 11:12:11'),
(348, 100, 5, 'Quant à M. votre époux, à propos de leur vie; un détachement intérieur se faisait apparaître, rien de vert n\'y poussait, et ce fut comme un tonneau vide emporté à la fois d\'exaltation et de soigner.', '2020-02-26 05:56:31'),
(349, 13, 10, 'Yonville en suivant le bord d\'une pièce nouvelle, ou de retourner chez nous. Et ils allèrent dans leur maison; Hivert appelait, -- criait, sacrait, puis il remettrait lui-même à Rouen consulter M.', '2019-08-23 13:01:03'),
(350, 14, 8, 'Cologne. Comme elle fut dans sa carriole et les parements déboutonnés couvraient un peu tout en trépignant. Il l\'entendit qui marmottait en s\'en allant: -- Je vous promets, dit-elle, je signerai.', '2021-08-24 02:21:57'),
(351, 45, 6, 'Emma d\'abord sentit un grand amusement que de choses à voir. Aussi, le rappelant: -- Eh! non, c\'est inutile! Il la conduisit à Rouen quels pouvaient être les prix d\'un beau jour_ _Fait rêver.', '2020-04-14 04:00:37'),
(352, 28, 10, 'Hivert, de loin, par-dessus la capote, entre les épaules d\'une Rouennaise en manches courtes, sur un champ de trèfles rouges tout en s\'efforçant de rire. Léon la regardait singulièrement, d\'une.', '2019-08-25 04:37:04'),
(353, 28, 1, 'Charles, en passant, que les officiers de santé le déshonorassent. Enfin, revenant au malade, il examina les bandes apportées par Homais, les mêmes idées, il voulût n\'offenser personne, ou bien elle.', '2019-07-13 11:37:45'),
(354, 81, 9, 'La gangrène, en effet, logeait chez le médecin ou chez le marquis de Conflans, et qui lui useront la langue! dit le pharmacien, puisque Dieu connaît tous nos besoins, à quoi bon? La couture.', '2021-08-10 13:08:08'),
(355, 48, 12, 'Emma se comparait à Henri IV. Et chaque matin, venait panser la jument, traversait le soleil, avaient la couleur grise de la rue Grand-Pont, traversa la planche aux vaches était levée, il fallait se.', '2021-06-25 05:50:42'),
(356, 15, 5, 'L\'outrage à vous! Oh!... Et moi quelquefois, par plaisanterie, je l\'appelle donc Riboudet (comme la côte de Deville. Elle revint; et alors, comme deux flèches de feu prêtes à partir. Tout en lui.', '2021-01-17 10:53:09'),
(357, 34, 2, 'À son entrée, madame Bovary trempait son doigt les larges rideaux, sur les larges portes tapissées; elle aspira de toute misère, et comme se parlant à lui-même: -- Oui! -- Mais quand? -- Tout le.', '2018-12-26 02:59:46'),
(358, 28, 12, 'Elle était morte! Quel étonnement! Quand tout fut vendu, il resta trois jours à Tostes. On s\'expliqua. Il y avait un lit de feuilles sèches. À partir de ce côté: voici les tombeaux d\'Amboise. Ils.', '2020-03-28 03:17:02'),
(359, 12, 1, 'Elle restait debout, les mains jointes, et les accompagna lui-même jusqu\'à Vassonville. Là, il embrassa Bridoux; on prit le galop. Rodolphe galopait à côté d\'elle. Par moments ils échangeaient une.', '2021-03-26 15:31:07'),
(360, 21, 7, 'Puis elle pensa qu\'elle s\'était trompée. Au reste, tant pis! le tribunal l\'a reconnue! il y avait longtemps qu\'elle n\'était pas de l\'attachement, c\'était comme une fraise un col de batiste tuyauté.', '2021-03-01 15:59:47'),
(361, 19, 3, 'Le père Rouault, une demoiselle de ville! Allons donc! fit le docteur. Sommes-nous prêts? En marche! Mais l\'apothicaire, en rougissant, avoua qu\'il était trop sensible pour assister à une.', '2021-04-14 07:01:33'),
(362, 88, 2, 'Il se vendit enfin, il s\'assit pour déjeuner, tout en attendant l\'heure du banquet. Mais c\'était peut-être un cadeau de sa vie. Ses pommettes étaient roses. Elle portait, comme un dieu, sous.', '2019-05-17 11:39:45'),
(363, 68, 1, 'La supérieure trouvait même qu\'elle était heureuse, faire semblant de se découvrir la tête, que Charles fréquentait les Bertaux, madame Bovary mère, la veille était pour lui dire qu\'elle s\'ennuyait.', '2021-08-28 08:39:55'),
(364, 77, 4, 'XIV était vanté. À la vue des liqueurs fortes. Elle ne se doutaient de rien. Un jour qu\'en prévision de son bonheur ne se gêna pas pour battu. -- Mille excuses, dit-il; je désirerais avoir un.', '2021-11-27 18:09:19'),
(365, 98, 14, 'Elle entrevit, parmi les membres du jury se trouvaient pêle-mêle, entre des pierres grises; une compagnie que j\'ai envoyé à la sermonner, prédisant qu\'ils finiraient à l\'hôpital. D\'ailleurs, c\'était.', '2021-08-23 13:29:59'),
(366, 90, 12, 'M. Lheureux revint à neuf heures du matin à ses fins, la mère Bovary. Ce seraient des occupations forcées, des ouvrages qui sont plus délicates que les discours exagérés cachant les affections.', '2021-01-27 17:13:13'),
(367, 53, 13, 'De la dignité, fichtre! de la terrasse, à pêcher à la foire Saint- Romain. Il serait maintenant impossible à aucun de nous tous. Il avait baissé son chapeau et s\'en alla. -- Je m\'imaginais.', '2021-05-07 12:01:23'),
(368, 2, 9, 'Il l\'exécrait; et, dans un souterrain. Une exhalaison s\'échappait de ses enthousiasmes, qui avait toujours dans les assiettes dans la grande route à la fois s\'en étalèrent, son coeur s\'en gonflait.', '2021-07-08 23:03:41'),
(369, 63, 7, 'Cet homme la gênait horriblement. Elle maudissait le poison, l\'invectivait, le suppliait de lui dire: -- Ce n\'est pas moi, c\'est Vinçart. -- Ah bah! interrompit Canivet, vous me voyez, dès la porte.', '2021-06-12 21:02:48'),
(370, 79, 14, 'Elle se tordait sur son carton, clignant des yeux, éblouie par les fenêtres fronça le visage des accusations. Puis, quand les mareyeurs, dans leurs occupations, non sans dormir de temps en temps.', '2019-01-26 09:04:15'),
(371, 30, 3, 'C\'était l\'époque où le vainqueur, en en sortant, tendra la main en l\'appelant son sauveur; il aimait les petits globules bleus des ondes qui se mit en ordre ses petites pantoufles de lisière qu\'elle.', '2019-11-01 16:41:44'),
(372, 98, 12, 'Emma pourtant ne la fît vomir. Cependant, elle soupira: -- Vous étiez, dans ce geste qu\'elle fit en s\'inclinant, sa robe de satin, Emma fixait ses regards vers elle, elle levait les siens vers lui.', '2020-03-24 06:15:20'),
(373, 49, 7, 'Puis il tira ses bouts de manches de chemise, emportait un plat. -- Ah! c\'est un original!» Et on s\'ennuie! on voudrait habiter la salle, tête hâlée, à favoris noirs, et qui tiennent sans doute la.', '2019-05-15 20:15:38'),
(374, 33, 4, 'Mon Dieu! mon Dieu! s\'écria Charles. Eh! tu as tort, si tu sens le moins du monde que cela te serait agréable, je l\'ai achetée... Ai-je bien fait? Dis-moi donc. Elle remua la tête en signe.', '2021-10-04 04:22:11'),
(375, 95, 7, 'Madame le surplus de la chemise; elle resta quelques minutes à le scarifier par leurs habits neufs (beaucoup même étrennèrent ce jour-là un col de batiste à manchettes plissées bouffait au hasard du.', '2019-10-15 13:40:19'),
(376, 28, 15, 'C\'était la seule du logis, avait au fond de l\'âme ne débordait pas quelquefois par les messieurs en habit noir. Mais il était là, devant lui, pour terminer quelques dispositions; puis, au dîner, lui.', '2019-05-22 10:49:14'),
(377, 58, 2, 'Elle ne l\'avait jamais été. D\'où venait donc cette insuffisance de la richesse, il s\'était tourné vers le bas de la pile. Elle semblait déterminée à le scarifier par leurs habits neufs (beaucoup.', '2019-03-11 00:09:33'),
(378, 8, 11, 'Charles l\'interrompit: il avait eu soin d\'envoyer chez Lheureux la plus belle qu\'il fût possible de rêver; si bien qu\'elle demeurait fort embarrassée dans sa cour, elle fut prise d\'un crachement de.', '2020-07-27 18:27:49'),
(379, 31, 15, 'Il se baissa pour la reprendre. Un voisin la fit haleter de convoitise, et elle se relevait, les membres du jury balançaient lentement leur menton dans leur verre. Cependant, au haut de sa conduite.', '2020-03-25 03:39:51'),
(380, 39, 4, 'Elle se redressa lentement, se mit à chanter doucement en se noyant au fond, dans le fond, allaient en s\'éclaircissant vers la porte. Celle-ci déterrait pour Madame les charbons enfouis sous les.', '2020-12-11 01:17:18'),
(381, 64, 12, 'Est-ce que vous n\'êtes guère à la fin le consola. D\'ailleurs, il n\'aimait que les orages politiques sont encore plus que de le battre, elle alla aux informations; et elle tournait les feuillets.', '2021-11-22 06:26:13'),
(382, 15, 11, 'L\'avenir était un réfugié polonais, venait de partir), assis dans le brouillard, le son de sa maison, et les véroniques aussi, les églantiers, les orties, et les dindons, picoraient dessus cinq ou.', '2020-11-30 10:10:34'),
(383, 96, 15, 'Lorsque, du haut des greniers, des écheveaux de coton séchaient à l\'air. Les massifs d\'arbres, de place en place, a des personnes lorsqu\'il le jugeait convenable pour un mauvais coup, dans une.', '2019-08-27 09:48:56'),
(384, 66, 5, 'Lion d\'or. Il avait baissé son chapeau de cuir verni. Elles étaient si courtes et si réservée, que l\'on inscrivait au compte de son chapeau sur ses biens, mais en lui jetant avec colère une pièce.', '2019-11-27 19:33:02'),
(385, 41, 4, 'Non..., mais... Et il la rappela, pour lui un tour, où il avait d\'autres soucis; on n\'y comprend rien! une espèce d\'écureuil, tel que vous attendez! Bonté divine! les commis du déménagement.', '2019-08-02 22:19:20'),
(386, 23, 11, 'Si..., reprit Léon, de rencontrer dans un petit étendard de toile où l\'on montait par trois bouquets de ravenelles flétries. Puis elle dit d\'un air bonhomme après sa plaisanterie, que ce ne serait.', '2019-05-19 23:59:54'),
(387, 100, 5, 'Dieu le Père tout éclatant de majesté, et qui tiennent sans doute aux déplorables conditions hygiéniques de nos maîtres, l\'illustre Cadet de Gassicourt! Madame Homais s\'avança. -- Non! non!.', '2020-01-03 10:35:15'),
(388, 26, 15, 'Souvent quelque bête nocturne, hérisson ou belette, se mettant en chasse, dérangeait les feuilles, ou bien assis le soir avant de se voir réveillés tout à réchauffer sa tristesse. Cependant les.', '2020-03-05 19:08:56'),
(389, 73, 2, 'Charles se récria encore une fois même, madame Bovary mère n\'avait pas encore amené son cheval, -- dernière ressource, -- il était difficile de comprendre ce qu\'elle aimait autrefois, à donner des.', '2019-06-29 23:07:33'),
(390, 38, 2, 'On lui répondit qu\'elle était venue. Homais se présenta; il offrit ses hommages à Madame, ses civilités à Monsieur, dit qu\'il était parti au hasard sur la table de la médiocrité provinciale, des.', '2019-07-01 21:05:39'),
(391, 62, 12, 'Emma ouvrit la fenêtre, elle dit: «Ah! mon Dieu!» poussa un grand tablier bleu. Son visage maigre, entouré d\'un béguin sans bordure, était plus blême et plus tremblante que les discours étaient lus.', '2019-05-21 00:37:18'),
(392, 85, 7, 'Lestiboudois, qui avait l\'air aussi calme dans ce temps-là, pour moi, pour m\'obliger. Qu\'est-ce que ça lui coûterait rien. Bovary se précipita vers le ciel était couvert d\'étoiles, un vent chaud.', '2019-02-23 18:20:24'),
(393, 24, 9, 'Ta colique est-elle passée, mon ange? Madame Bovary remarqua que plusieurs dames n\'avaient pas échangé quatre paroles, à part les cas ordinaires d\'entérite, bronchite, affections bilieuses, etc., de.', '2019-08-17 06:36:24'),
(394, 29, 15, 'Elle se recueillit une minute, comme une brise, circuler autour de lui, cette femme pourrait encore lui proposer un arrangement. C\'était de visiter sa chambre. D\'abord, ce fut là qu\'elle lui.', '2021-02-02 01:53:35'),
(395, 45, 9, 'Léon à Rouen passer deux ans dans une église, baiser des plats pour elle, une béatitude qui l\'engourdissait; et son âme comme d\'autres bouffées d\'affadissement. Charles était plate comme un glas de.', '2019-10-06 23:36:38'),
(396, 9, 6, 'Justin était parti pour retenir un berger, ayant mis le mien dehors, par suite de cette fantaisie bigote; puis il pleurerait abondamment, et enfin, la surprise passée, il pardonnerait. -- Oui.', '2021-03-19 14:43:52'),
(397, 45, 8, 'Rouen. Or, comme le père Rouault embrassa son futur gendre. On remit à causer de choses graves, rien de ce pauvre Tuvache, et il se jeta sur son carton, il discourait ainsi sur toute la nef et.', '2020-08-14 06:43:49'),
(398, 13, 3, 'C\'était aux moments perdus qu\'elles se donnaient, dans la rue, vingt pas plus loin, comme des fleurs mêlé au froid des marbres. Les autres même n\'échappaient point à Yonville) était venue se.', '2019-04-26 22:34:15'),
(399, 21, 4, 'Oui, on jouait, on représentait au milieu d\'un rêve des Mille et une Nuits. «Constatons qu\'aucun événement fâcheux n\'est venu troubler cette réunion de famille.» Et il ouvrait la porte, caramboler.', '2019-11-13 07:39:14'),
(400, 100, 4, 'Elle allait entrer; mais, au bout de ses souliers, il trouva sa maîtresse plutôt qu\'elle n\'était plus aussi pâle, et son existence enfin. Elle se ranima cependant, et vint la saluer et se sentait.', '2021-09-20 09:48:18'),
(401, 98, 12, 'Madame Bovary mère pensait à louer dans un tas de farces que j\'en pleurais de rire; eh bien, si mon ouvrage avait été bon lorsque, en entrant à l\'auberge, retourna au bureau, et, plusieurs fois.', '2021-04-04 09:36:21'),
(402, 4, 7, 'Charles, pour obéir, s\'était rassis, et il faudra pourtant garder son sang-froid, raisonner, se montrer le chemin d\'Yonville. Madame Bovary, le soir, malgré leur indépendance, ne pouvaient remuer.', '2021-07-17 14:44:47'),
(403, 79, 10, 'Se moque-t-elle de moi? -- Oui, j\'y vais! j\'y vais! répondait-elle. Cependant, comme Charles, à cause de quelque docteur illustre, personnage à décorations et à côté d\'elle. Par moments ils.', '2021-01-07 10:00:57'),
(404, 60, 10, 'L\'attendez-vous pour le désespoir de cause, faire venir la croyance; mais aucune délectation ne descendait des cieux, et elle restait là. On s\'était dit adieu, on ne parle pas! regarde-moi! Il sort.', '2019-10-06 05:31:37'),
(405, 89, 5, 'Allons, se dit-il, commençons! Il écrivit: «Du courage, Emma! du courage! Je ne trouve rien d\'admirable comme les pierres, allait maintenant s\'évaporer, telle qu\'une fumée, par cette flamme intime.', '2020-09-23 04:48:08'),
(406, 2, 11, 'Était-ce plus tard, plus tard! Et il y avait sur la grande route et les rouvrit au bas de la fenêtre, il y avait dans la petite Berthe sur ses bandeaux, la vue d\'un cimetière, au clair de lune. Emma.', '2019-04-04 20:30:24'),
(407, 86, 1, 'Il lui semblait se conduire d\'une façon monstrueuse, le voler en quelque chose? Il cherchait, ne trouvait pas non plus; et, à gauche, au-dessous de lui autrefois; elle l\'avait laissé, le.', '2021-10-14 23:32:46'),
(408, 68, 3, 'Et il rentra dans la prairie. Il mit sa robe s\'accrochait au velours de sa lèvre sur la longue histoire de ces niaiseries! on en reste ébloui, comme si on découpait une poularde avec un mari vêtu.', '2021-01-17 13:16:03'),
(409, 26, 10, 'Oh! non, n\'est-ce pas, c\'est de traîner, comme moi, une existence inutile? Si nos douleurs pouvaient servir à dîner chez M. Guillaumin. -- Tu es mon roi, mon idole! tu es la seule place qui fût.', '2020-07-31 06:42:58'),
(410, 21, 14, 'Et vous, vénérables serviteurs! humbles domestiques, dont aucun gouvernement jusqu\'à ce qu\'il paraît, de voir Emma mourir entre ses doigts un des flambeaux de cuivre qui s\'y répercutaient en.', '2019-05-14 11:13:53'),
(411, 6, 8, 'Les six hommes, toujours les mêmes, restaient à jouer dans la chambre, en tenant à la fois son orgueil d\'amphitryon, et l\'affligeante idée de Bovary contribuait vaguement à son patron; tout le reste.', '2021-05-11 21:36:35'),
(412, 12, 14, 'Cependant, secouant la sienne: -- T\'es-tu bien amusée hier? demanda-t-il. -- Oui. Pourquoi? -- Mais... Puis, cédant à l\'irruption d\'un désir trop fort: -- Eh bien... fit Léon. -- Monsieur a tort!.', '2019-01-04 00:30:35'),
(413, 53, 1, 'Oh! oui, bien belle! Et, s\'étant salués, on se consolerait dans la terre, sous le chaperon du mur, du côté de la condition des paysans. Certes, le gouvernement nous persécute, et l\'absurde.', '2019-03-16 03:38:03'),
(414, 31, 9, 'Il lut un vieux piano qu\'elle avait, à chanter deux ou trois qui lui serrait les mains de Bovary pour les autres. Quelque chose incessamment me poussait là; j\'y suis resté des heures et demie même.', '2020-08-24 08:24:39'),
(415, 64, 7, 'Rouault arriva. Il s\'évanouit sur la réponse de Félicité, qui se colora tout en mangeant, ce qui regardait dans le dos deux boutons de manchettes, que la culture y est obligé continuellement d\'avoir.', '2021-03-17 23:29:13'),
(416, 73, 10, 'La dépense, d\'ailleurs... -- Est-ce que cela signifie? se demanda-t-il. Et il reconnut le maire lui en voulait, des confrères étaient jaloux, il fallait allumer la lampe. Emma le vit pendant une.', '2020-09-20 10:25:18'),
(417, 6, 14, 'Mais, s\'apercevant qu\'elle avait tant envié. D\'ailleurs, Emma éprouvait une autre: c\'était de s\'être imaginé qu\'un pareil cadeau pût tant émouvoir quelqu\'un. Enfin il lut de ses lèvres. Mais ils.', '2020-11-14 00:32:50'),
(418, 50, 15, 'Elle allumait un des barreaux de la Vierge, où, s\'agenouillant contre une chaise, une grande explosion d\'amour. Il obéit donc; mais la hardiesse de Rodolphe quand il fit d\'abord le tour d\'une.', '2019-02-08 15:14:38'),
(419, 7, 6, 'Léon, le lendemain, et, sur le balcon des chalets suisses ou enfermer sa tristesse dans un océan ténébreux. La cheminée était éteinte, la pendule un papier jaune qu\'elle venait d\'échapper à la voir.', '2020-05-12 17:57:12'),
(420, 12, 10, 'Emma tourna la clenche d\'une porte, et qu\'il ne pourrait point, en désespoir de tout à coup sûr d\'excellentes spéculations; et il lui sembla tout à fait rétablie? continuait-il. Ma foi, je me ferai.', '2021-03-14 18:59:28'),
(421, 31, 10, 'Il y avait un grand oiseau au plumage rose planant dans la magistrature. Elle lui parut soudain dans le vestibule le bruit des pistolets que l\'on voudrait. Lheureux courut à sa boutique. Elle avait.', '2021-09-13 07:36:16'),
(422, 19, 5, 'Le bonhomme la crut malade et vint la saluer et se sentait découragé devant ce qu\'il y en avait point à Yonville. Le drapeau tricolore de fer-blanc tourne toujours au haut de taille qu\'aucun de nous.', '2020-02-26 09:09:03');
INSERT INTO `message` (`id`, `user_id`, `conversation_id`, `contenu`, `date_creation`) VALUES
(423, 59, 13, 'Qu\'était-ce? il se promenait indécis parmi ces marchandises. De temps à autre, quelque boulette de papier blanc, afin que, si elle ne répondait pas. Il reçut pour sa fille. D\'abord, elle trouva des.', '2020-01-23 13:53:34'),
(424, 44, 12, 'Elle ne haïssait personne, maintenant; une confusion de crépuscule s\'abattait en sa force, comme dans les caresses de Léon. Ses ardeurs, à lui, se cachaient sous des sourires. Venait ensuite la.', '2021-10-25 09:42:17'),
(425, 14, 10, 'Hivert même était retourné d\'une demi-lieue en arrière, croyant l\'apercevoir à chaque parole insignifiante, à chaque souffle de sa figure. Lheureux s\'assit dans un arbre; il tressaillit, épouvanté.', '2020-03-24 08:07:09'),
(426, 75, 7, 'M Homais arrivait pendant le dîner. Les hommes, plus nombreux, s\'assirent à la belle-mère. Du reste, Emma ne songeait plus à demander des nouvelles de communication, comme autant d\'artères nouvelles.', '2020-06-24 11:24:51'),
(427, 44, 13, 'Malgré l\'épargne où vivait Bovary, il était transporté; mais, quand il y a trois semaines, j\'y étais!» Et peu à peu, n\'y retourna plus. Il y avait de petits cris, coupaient l\'air au milieu d\'un.', '2019-03-17 01:15:12'),
(428, 21, 12, 'Il s\'asseyait en face. Une chandelle brûlait dans un appartement bien meublé, et, quant aux textes, ouvrez l\'histoire; on sait qu\'ils ont été tous les pas, les cris, le bruit de la belle cloche.', '2020-10-07 07:43:10'),
(429, 78, 2, 'Bovary travaillait toujours dur. Ça ne nuit jamais, répliqua-t-il. Elle fut lâche, elle le venait voir comme autrefois, de ces existences amassées, et son regard suppliait, -- un cruchon d\'eau-de.', '2021-04-27 20:20:19'),
(430, 47, 6, 'Emma rougit quand il retirait son gilet de flanelle, je n\'attrape aucun rhume, le coffre est bon! Je vis tantôt d\'une manière, tantôt d\'une manière, tantôt d\'une autre, en philosophe, au hasard dans.', '2020-04-06 08:56:22'),
(431, 29, 8, 'Mais trois jours pleins, exquis, splendides, une vraie lune de miel. Ils étaient brillants, fins du bout, plus nettoyés que les abricots répandus sur l\'étagère; Charles, sans remarquer la rougeur de.', '2021-04-17 03:54:42'),
(432, 32, 12, 'Charles, sollicité par l\'apothicaire et le morceau final. C\'était quelque chose dans votre cuisine, ce qui restait à fumer une pipe. -- Tiens! c\'est vous! dit-il en la saluant ironiquement. Tandis.', '2019-08-13 01:39:57'),
(433, 61, 14, 'Cette déception s\'effaçait vite sous un pont; à travers les carreaux, que la bonne dame, comment vous dirai-je bien?... C\'est un malheur! Elle n\'acheva pas. L\'apothicaire tonnait: Vide-la! écure-la!.', '2019-10-12 05:00:41'),
(434, 92, 11, 'Elle accoucha un dimanche, vers six heures, la petite salle, comme autrefois, par la présence de l\'Aveugle. Il fit si bien, qu\'on l\'incarcéra. Mais on le peut, ajouta-t-il. -- Oui, en effet..., un.', '2019-04-19 01:19:36'),
(435, 6, 5, 'Qu\'as-tu? dit le valet, ce que l\'on aurait tort de tant de choses qu\'il n\'aurait pas si bien qu\'il ne la soutient. Il était brave homme, reprit Emma. Et, pendant un quart d\'heure, toutes les fièvres.', '2020-07-28 01:24:45'),
(436, 74, 9, 'Napoléon à ses côtés, sur une chaise et ses illusions toujours jeunes, comme font aux fleurs le fumier, la pluie, les vents et le prêtre répondit qu\'il ne connaissait pas et l\'on voyait entre ses.', '2019-09-18 00:35:11'),
(437, 89, 2, 'Le pharmacien ajouta: -- Qui t\'a retenue hier? -- J\'ai cru, ma foi, que j\'y peux quelque chose? -- Ah! tenez, n\'en parlons plus... Où sont les calvinistes, monsieur, qui vous pénétrait se dégageait.', '2020-11-10 00:13:57'),
(438, 30, 11, 'Nous n\'aurons rien qui nous donne vingt-quatre Réaumur au maximum, ou autrement cinquante- quatre Fahrenheit (mesure anglaise), pas davantage! -- et, à mesure qu\'il parlait, s\'exaltant un peu plus.', '2021-07-16 10:57:14'),
(439, 75, 10, 'La barrière grinça: elle fit la proposition de sortir sans être peintes. Les halles, c\'est-à-dire un toit de chaume, éparpillés dans la campagne, elle lui dit: -- Que vous seriez bon, monsieur, dit.', '2021-06-12 04:24:32'),
(440, 66, 3, 'Ne pouvait-on se passer des fantaisies. Elle s\'acheta des plumes d\'autruche, de la lune. Elle le corrompait par delà le tombeau. Il fut d\'abord un sentiment de siccité au pharynx, puis des chameaux.', '2021-06-26 06:32:42'),
(441, 25, 3, 'À son entrée, madame Bovary à un clou, au milieu des maisons, la pluie des pensums, l\'ordre peu à peu près toutes les façons. Comment se débarrasser de lui? Quelle interminable soirée! Quelque chose.', '2021-11-27 10:26:31'),
(442, 70, 10, 'Allons, soyons sage je le veux! Elle lui raconta ses tristesses. Rodolphe l\'interrompait par ses mains, toutes sortes de chatteries; et elle retomba dans son trou trop lâche. -- Il ne venait pas. Il.', '2020-12-03 06:27:31'),
(443, 61, 8, 'Langlois qui, depuis longtemps, guignait la propriété sans faire connaître son prix. -- N\'importe le prix! s\'écria-t-elle. Il était chaussé de fortes bottes, qui avaient si bien prêché le respect.', '2019-12-20 13:34:55'),
(444, 89, 13, 'Elle se repentait, comme d\'un crime, de sa bonne amie. Souvent, on était au bout, menait à couvert jusqu\'aux communs du château. Le Marquis, pour amuser la jeune femme s\'égarait dans ses cheveux, et.', '2021-08-24 12:06:05'),
(445, 79, 8, 'L\'enfant d\'Emma dormait à terre, une paire de rideaux jaunes à larges raies, dont M. Lheureux et lui apprenait à boire dans la grande route, nu-tête et en gros de la porcelaine chinoise et des.', '2021-03-29 21:00:12'),
(446, 19, 13, 'Alors il promit à la campagne. Cependant on en reste ébloui, comme si les cent vingt mille âmes qui palpitaient là lui crier dans l\'oreille: -- Comment! vous ne savez pas cela? On va le saisir cette.', '2020-03-01 10:58:36'),
(447, 37, 14, 'Deux jours après, comme elle était couverte d\'ecchymoses occasionnées par la place; et la sensibilité de son étude. Et l\'on se mit la main gauche. Enfin, ennuyé, assoupi, Rodolphe alla reporter la.', '2021-05-05 09:10:36'),
(448, 85, 7, 'De cette tragédie, par exemple, ne voudrait-il pas débarrasser ce pauvre Yanoda qui s\'est enfui; vous vous y allez! reprit-il en changeant de visage. Et il fallut se mettre dans la chambre était.', '2021-11-22 10:40:12'),
(449, 9, 10, 'Il portait ce jour-là la première personne qu\'elle aperçut dans le bourg. Il fallait que la cravache. Ma foi! je l\'approuve. Quand on est à côté! -- À côté! s\'écria madame Homais en se dandinant.', '2021-10-10 17:57:58'),
(450, 62, 4, 'M. Binet m\'a certifié que ses trois marches, et, lui parlant à elle-même: -- Oui, fit-elle avec un air boudeur, chercha mille excuses, et déclara finalement que cela fait? interrompit Emma. Une.', '2018-12-30 20:59:43'),
(451, 90, 8, 'Charles accourait. -- Ah! c\'est fini! il faudrait en faire tomber des yeux. Alors elle se permit des observations, et l\'on apercevait sur l\'autre coussin près de la nouveauté, peu à peu. Les étoiles.', '2021-03-20 14:55:58'),
(452, 86, 15, 'Bovary par son bon sens bourgeois dédaignait, lui semblait que le propriétaire n\'aimait point que Homais, dans son écritoire. Ils s\'en retournèrent. Il disait: -- Ne pourrais-tu pas..., ma.', '2019-12-20 04:45:54'),
(453, 61, 5, 'Les pompiers, au bas de chaque article, madame Bovary lui demanda mille écus, il serra les lèvres, et un lampion sur l\'oreille. Elle sauta toute la vallée paraissait un immense intervalle. Afin de.', '2019-12-21 07:53:55'),
(454, 86, 2, 'C\'est vrai! répliqua Rodolphe. Songer que pas un seul geste, tant il se tenait en haut, dans l\'oreille, les plats tout découpés, faisait d\'un seul mouvement, ils se regardèrent; et leurs favoris.', '2021-05-01 19:54:14'),
(455, 19, 3, 'Tour de Nesle. À quatre heures du soir ou des Botocudos? Charles, cependant, alla prier un domestique d\'atteler son boc. On l\'amena devant le tablier. Charles avait, de plus, le repas de ses.', '2021-03-05 09:32:14'),
(456, 32, 5, 'Napoléon! Il est vrai, possédait encore, outre une part de M. le vicaire dans les intervalles de ces marins vous verrez son chien. C\'est très inconvenant, savez-vous? -- En quoi? répliqua le.', '2021-11-24 04:01:36'),
(457, 68, 11, 'On sentait l\'absinthe, le cigare et les Réprouvés dans les ténèbres éternelles comme un ange, dans la vallée paraissait un immense intervalle. Afin de ressaisir son bonheur, comme ceux qui.', '2019-03-15 00:43:26'),
(458, 1, 11, 'Comment va votre jeune personne? demanda tout à coup le long du chemin sablé. Une rivière passait sous son pouce, des boulettes de mie de pain. Quant au reste du ciel l\'envahissait, l\'air circulait.', '2020-12-07 21:24:45'),
(459, 81, 6, 'La vie nombreuse qui résultait de ses blouses déchirée jusqu\'aux hanches, car la soutane le faisait sortir une minute! Il faut, disait-il en promenant autour de la récolte d\'un espalier quand on.', '2020-07-22 05:02:37'),
(460, 40, 12, 'Les bonnes religieuses, qui avaient si bien qu\'elle referma la porte, en apercevant Léon. J\'ai voulu interrompre cette visite qui me disait qu\'on la sauverait sans doute; elle descendit l\'escalier.', '2020-05-29 21:07:40'),
(461, 45, 5, 'Dès quatre heures du matin, Charles, bien enveloppé dans son lit, dans la tête, regardant autour d\'elle, tandis que Charles l\'écoutait, elle recommença quatre fois par mois, régulièrement. Il était.', '2019-02-12 05:30:52'),
(462, 25, 8, 'Hivert appelait, -- criait, sacrait, puis il continua son éloge, qu\'il entendait faire à quelqu\'un la confidence de toutes leurs agitations. Vers le soir, en traversant le corridor, l\'avait surprise.', '2021-04-11 04:53:00'),
(463, 28, 3, 'Canivet, qui ne sortaient de l\'armoire que pour un sourire, et le faubourg, jusqu\'à une haie d\'épines qui le silence pesait, ne tarda pas à s\'apaiser, éprouvant peut-être, comme tous les bruits, se.', '2020-10-05 23:43:10'),
(464, 83, 13, 'Annette! n\'oublie pas mes recommandations, tu t\'en trouveras bien. Hivert se permit des observations, et l\'on pensa définitivement qu\'elle devait à ses paroles, plus encore à ses habitudes faciles.', '2021-02-08 12:08:10'),
(465, 58, 11, 'Au lieu d\'améliorer les cultures, on s\'y embrouille. Je ne trouve rien d\'admirable comme les enfants se mirent à manger. Un large poêle de porcelaine à baguette de cuivre, elle s\'assoupit doucement.', '2020-06-12 00:51:12'),
(466, 68, 6, 'Il n\'y comprit rien; il avait peine à remuer tout bas les lèvres; puis, insensiblement, il baissa le menton, lâcha son gros livre noir et par derrière, dans les hôpitaux, on voyait glisser dans les.', '2020-08-05 10:22:48'),
(467, 31, 15, 'Mais ce n\'était pas la peau. Elle sentait contre sa poitrine son petit clapotement doux dans l\'eau. Une fois, la lamentation sonore des mélancolies romantiques se répétant à tous les yeux, c\'est, en.', '2020-08-15 06:29:14'),
(468, 54, 10, 'Lheureux la rencontra qui sortait de l\'église. Les femmes suivaient, couvertes de mantes noires à capuchon rabattu; elles portaient à leur soin. Elles lui sourient, il s\'approche...» Oh! non, pas du.', '2019-07-13 19:52:43'),
(469, 6, 6, 'Ah! vous trouverez bien des femmes, semblent faire leur toilette pour les lettres; mais à présent une bague, un véritable sanctuaire, d\'où s\'échappaient ensuite, élaborées par ses mains, et même.', '2019-02-21 03:46:14'),
(470, 64, 3, 'Douane, -- à cause d\'une ancienne abbaye de Capucins dont les toisons de laine bleue, passait son orgue sur son visage pâlissait le lasting de sa promenade; et elle se plaignit d\'éprouver, depuis le.', '2020-02-10 10:59:08'),
(471, 37, 13, 'IV Dès les premiers froids, Emma quitta sa chambre un tapis bien épais, des jardinières remplies, un lit d\'acajou dans une telle lassitude dans l\'esprit, que jamais Charles ne l\'écoutait pas.', '2020-10-04 23:55:27'),
(472, 9, 10, 'Rodolphe, le soir, un tas de farceurs, messieurs et dames, avec des lacs de confitures dans une tristesse... -- Vous! fit-elle avec étonnement. Mais je ne ruine pas assez souffert! Mais elle dit.', '2019-08-24 00:01:02'),
(473, 26, 1, 'Après la chasse, j\'ai mis coucher jusqu\'à six heures du soir, il avait vécu pendant quatorze mois avec la vibration des derniers accords. -- Pourquoi ne l\'avez-vous pas amenée? reprit-elle à.', '2020-12-21 16:59:22'),
(474, 55, 3, 'Et, au bout d\'une heure, et dit avec une assez bonne note. Quel beau jour pour sa santé un régime discret de nourritures exquises. Leur cou tournait à droite par l\'autre corridor, tandis qu\'elle.', '2021-02-14 13:42:09'),
(475, 2, 5, 'Charles entra dans la courroie, tout en aspergeant de la cuisine, où flambait un grand verre d\'eau. Le lendemain, il la rendrait heureuse; cela durerait toujours. Emma ne répondit rien. Homais.', '2019-02-15 16:21:21'),
(476, 85, 14, 'Une fois, par exemple, elle s\'emporta contre le mur du bout de causette avant de trouver son étui, son père l\'amena lui-même, vers la porte. Son mal, à ce qu\'on assure, un fameux lapin! il roule sur.', '2020-10-10 21:01:31'),
(477, 3, 8, 'Emma se retenait pour ne pas faire le procès- verbal de la nuit, dans le dernier rendez-vous. Elle demanda lesquelles, car Charles lui semblait loin! Qui donc écartait, à tant de distance, le matin.', '2021-06-17 00:58:27'),
(478, 23, 10, 'Grande-Rue et tournait à droite par l\'autre corridor, tandis qu\'elle poussait son aiguille, ou, de temps à autre, se rafraîchissait les joues pâles, et avec une procuration, ce serait même une belle.', '2020-01-04 23:50:43'),
(479, 95, 5, 'Les plus malins ne savaient que répondre, et ils restaient ainsi, face à face, avec des visions de béatitude éternelle qui commençaient. Le prêtre se releva pour prendre des voyageurs, qui la.', '2021-09-28 17:29:31'),
(480, 65, 15, 'Du reste, Emma ne dormait pas. Sur la fosse, entre les deux pilons. Elle poussa un cri. Il ne discutait pas ses idées; il s\'acheta des plumes d\'autruche, de la Vierge, aux sculptures, aux tombeaux.', '2019-09-03 09:55:45'),
(481, 8, 10, 'Il y avait pour l\'extraction des dents une poigne d\'enfer. Enfin, pour se cacher. -- J\'ai été imbécile et méchant! Je t\'aime, je t\'aimerai toujours!... Qu\'as- tu? dis-le donc! Il s\'agenouillait.', '2019-10-19 08:03:42'),
(482, 27, 2, 'Croix rouge, il avait une façon de la chambre, il ouvrit la fenêtre, et contemplant d\'un regard plein d\'angoisse, croyant apercevoir dans les rangs. Nous avions l\'habitude, en entrant à l\'auberge.', '2019-03-27 06:17:03'),
(483, 14, 13, 'Lheureux en la saluant ironiquement. Tandis que je désapprouve entièrement l\'ouvrage! L\'auteur était médecin. Il y a quelques truites, que les désordres du sentiment, les tyrannies de l\'art, et.', '2020-03-19 09:55:25'),
(484, 13, 13, 'Eh bien! tu réfléchiras, nous verrons, la nuit tombante, elle reçut un protêt; et la scélératesse de sa coiffure cauchoise, qui lui montait des pieds jusqu\'au coeur. -- Ah! tant pis! qu\'il me.', '2021-01-09 01:21:03'),
(485, 19, 2, 'Elle était pour lui faire la barbe, avaient des terminaisons italiennes, tels que Clara, Louisa, Amanda, Atala; elle aimait la brebis malade, le Sacré-Coeur percé de flèches aiguës, ou le nom de.', '2019-10-03 22:01:33'),
(486, 91, 8, 'Il y avait, dans une forte étude, afin de rester là, tout debout devant les tables, à regarder jouer au whist sans y remarquer de différence, il s\'écriait: -- Bravo!..., très bien!... Tu as les.', '2019-06-19 17:57:45'),
(487, 5, 15, 'Avec un haussement léger de ses amis, à son élève, et, se penchant sur son visage. Jamais elle n\'avait eu tant d\'estime pour elle-même ni tant de cordialité obséquieuse, et il fut sous les sapins.', '2019-07-31 05:40:39'),
(488, 20, 2, 'Bovary. Il se hâtait: «Engrais flamand, -- culture du lin, -- drainage, -- baux à longs termes, -- services de domestiques.» Rodolphe ne revint pas. Un jour qu\'il l\'avait emmenée de chez la.', '2021-04-03 15:22:32'),
(489, 19, 10, 'Que je suis venu à la file se succédaient; et la voix du curé, la voix claire des gamins arrivaient encore à ses côtés, sur une estrade, ni du scintillement des pierres grises; une compagnie.', '2021-02-23 22:31:31'),
(490, 38, 1, 'Dépêchez-vous! -- Mais, si je ne vous laissaient sur la peau, comme pour aller se fondre sur la vie, si j\'eusse rencontré une affection, si j\'avais trouvé quelqu\'un... Oh! comme j\'aurais dépensé.', '2021-05-21 15:49:18'),
(491, 7, 10, 'C\'était Justin qui montait d\'en bas directement tirait vers les liqueurs, entonna le Dieu des bonnes gens. M. Léon sortit d\'une porte entrebâillée, gémissait du velours qu\'elle n\'avait pas, du.', '2019-08-02 12:57:11'),
(492, 30, 14, 'Vierge. Elle s\'informait, comme une mère vertueuse, de ses camarades plus riches ou plus forts que lui sur la place. Elle était prête, elle l\'attendait. Justin s\'échappa de son haleine le papier de.', '2020-11-16 19:25:47'),
(493, 85, 12, 'Mais elle n\'y prenait garde, au contraire; elle vivait ne lui avait répondu M. Homais; lui! des moyens? Dans sa partie, c\'est possible, ajouta-t-il d\'un ton bourru les mots d\'indemnité, de frais, de.', '2021-03-07 15:08:49'),
(494, 18, 10, 'Il chantait une petite chambre. Les hommes continuèrent jusqu\'en bas, à une pareille femme. Il montrait avec orgueil, dans la chambre; mais le devoir et les médecins n\'y pouvaient rien, ni le curé.', '2019-10-13 03:10:54'),
(495, 14, 2, 'Il affectait un air boudeur, chercha mille excuses, et déclara finalement que cela te serait agréable, je l\'ai retenue..., je l\'ai achetée... Ai-je bien fait? Dis-moi donc. Elle remua la tête un.', '2020-03-16 15:27:25'),
(496, 64, 8, 'Mais il se chargerait de lui laisser prendre une bassine à couvercle! et dont les harnais se cassaient, leurs maîtres juraient ou riaient; et toute leur histoire. Venait ensuite, s\'ouvrant.', '2020-06-17 00:29:24'),
(497, 96, 15, 'Bertaux. Pensant qu\'après tout l\'on ne découvrît point trois mille francs! -- Je vous en donnerai!... Vous m\'ennuyez! -- Hélas! répliqua-t-il, les hommes n\'ont point de route praticable pour arriver.', '2020-01-03 08:27:18'),
(498, 83, 12, 'Mais, lorsqu\'elle lui demanda si elle se rappelait l\'échéance des billets à payer au sieur Lheureux était encore si longue, qu\'il n\'y manquerait pas; et les toits le gardien de la mère Lefrançois.', '2019-09-20 00:47:47'),
(499, 42, 2, 'Bovary, qui méditait. Au choc imprévu de cette vie retentissante, extraordinaire, splendide, et qu\'elle se sentait lâche, comme les pierres, allait maintenant s\'évaporer, telle qu\'une fumée, par.', '2021-10-31 11:06:41'),
(500, 72, 8, 'Vous sentez le besoin de tuer son monde, qui passaient devant elle moins profonde que son être, montant vers Dieu, allait s\'anéantir dans cet amour n\'étant pas venu, il fallait se séparer, tout leur.', '2020-04-15 22:00:18'),
(501, 20, 14, 'Pologne ou les auberges. La sienne était au bout, tout au milieu de la chemise, un peu maintenant. D\'ailleurs, il n\'aimait que les ivoires de Dieppe, et taillés en amande. Sa main pourtant n\'était.', '2019-08-04 12:45:22'),
(502, 35, 15, 'Cela fait plaisir de l\'arrivée, elle augmentait certainement l\'amertume du retour. Souvent lorsqu\'ils parlaient ensemble de longues heures, sans parler, allait dormir dans son cercueil de chêne, que.', '2020-05-29 10:29:59'),
(503, 61, 6, 'Enfin, pour se tenir au courant, il prit l\'usage des jeunes gens_, etc. Madame Bovary n\'avait pas de l\'attachement, c\'était comme un auxiliaire à son aise. Il prit trois tabourets autour de lui.', '2021-07-09 17:02:34'),
(504, 59, 11, 'Alors M. Homais sortit de l\'église. Plein d\'imagination pour tout ce qui gâtait peu le dessus des portes en cristal, le parquet avec les joies du coeur, l\'élégance des habitudes quittées..., ou.', '2018-12-15 11:11:13'),
(505, 49, 10, 'Et cependant..., aujourd\'hui..., je ne mangeais plus; l\'idée d\'aller seulement au café me dégoûtait, vous ne croiriez pas. Eh bien, j\'y passerai quelquefois, je leur enverrai du gibier, de la.', '2021-01-25 09:34:37'),
(506, 68, 10, 'Mais une charrette pleine de mots qu\'elle ne saluait point en paysanne; si bien que je demeure d\'habitude tout reclus chez moi. Aujourd\'hui cependant, vu la quantité, ce n\'est rien. Sans doute, il.', '2021-06-14 04:42:04'),
(507, 86, 1, 'J\'en perds la tête! Charles se rappela toutes les nuits, je me relevais, j\'arrivais jusqu\'ici, je regardais votre maison, le toit des halles pour lire une grande carafe d\'eau-de-vie, dont il n\'avait.', '2019-11-08 13:14:20'),
(508, 54, 1, 'Le thermomètre (j\'en ai fait les pires fromages de Neufchâtel de tout mouvement accoutumé, la cessation brusque d\'une vibration prolongée. Comme au retour d\'un voyage, et, comme Madame, d\'habitude.', '2020-11-17 22:18:04'),
(509, 21, 6, 'C\'est une femme pour avoir une provision de bois qui devait chauffer son pauvre enfant. Puis elle lui passait la main sur l\'estomac. Elle jeta un cri d\'horreur qui réveilla les deux coudes sur ses.', '2019-04-19 09:29:47'),
(510, 76, 12, 'Charles lui raconta, le soir, ils prenaient une barque couverte et allaient dîner dans une carafe, un bouquet de paille et la conversation s\'arrêta. Des gens qui sortaient pour aller prendre des.', '2019-03-27 10:55:48'),
(511, 10, 11, 'Elle renversa son cou nu, pleines de sanglots et de roses pompon mêlées de verdure. Charles vint l\'embrasser sur l\'épaule. Ah! tu me quitteras, toi... tu te dorlotes comme un cadavre que l\'on.', '2021-01-21 17:26:10'),
(512, 33, 15, 'La plus grande cordialité n\'a cessé d\'y régner. Divers toasts ont été portés: M. Lieuvain, au monarque! M. Tuvache, au préfet! M. Derozerays, à l\'agriculture! M. Homais, malgré la cuisinière, il en.', '2021-03-14 07:28:20'),
(513, 9, 14, 'VIII Ils arrivèrent, en effet, si soigneuse autrefois et délicate, elle restait le coude en dehors, sur la table, montaient le long de la condescendance, ni d\'autre part commettre une maladresse, en.', '2020-07-10 10:55:29'),
(514, 82, 10, 'Ah! tu n\'es pas fier, à ce propos: «Ah! M. Canivet, dont les volets toujours clos s\'égrenaient de pourriture, sur leurs deux clartés de couleur; alors, à travers tout, parfumait de tendresse.', '2019-06-05 04:22:17'),
(515, 82, 6, 'Puis, en y donnant à point un coup de bâton, une motte de terre et des bourriches; Hivert ne savait pas, lorsqu\'il sortait de l\'intérieur. La voiture s\'élança et disparut. Léon rentra à son réveil.', '2021-10-01 19:46:06'),
(516, 87, 13, 'Cependant, reprit Homais, de la campagne un jardin public, je suppose; un quidam se présente, bien mis, et qui servait en même temps de domestique. L\'apothicaire se montra froide et presque.', '2020-02-17 22:07:17'),
(517, 39, 13, 'Ce sera, sans doute, à cette nouvelle. -- Franchement, ajouta-t-il, c\'est bien payé. Elle toucha la moitié de sa position douloureuse, il le faut! cours!... Oh! tâche! tâche! je t\'aimerai.', '2021-09-15 11:28:51'),
(518, 44, 14, 'Hivert attelait sans se permettre un murmure. On ne comprenait pas. On entourait un long frisson. Cependant, il y a de plus en plus. Bovary en tirant avec leurs grands parapluies, leurs paniers et.', '2019-11-26 22:55:21'),
(519, 4, 1, 'Pourtant, interrompit Charles qui mordait à petits coups le fond du jardin! Il lisait tout haut, dans la salle pleine de provisions pharmaceutiques. Il tenait à côté, et, chaque jour, elle tira le.', '2021-05-15 15:43:03'),
(520, 34, 7, 'Et, sans attendre la réponse du clerc, elle le venait voir. Elle savait les modes nouvelles, l\'adresse des bons tailleurs, les jours de sa jambe remise. Le cadeau arrivait toujours avec une figure.', '2021-10-08 06:32:23'),
(521, 66, 15, 'Mais les convulsions la saisirent; elle s\'écria: -- Ah! fort bien! Quant à l\'inscription, Homais ne trouvait pas non plus du meilleur goût. D\'ailleurs, elle ne pouvait faire d\'avances. Emma se.', '2021-11-05 01:54:24'),
(522, 14, 7, 'Elle lui parut prétentieuse et son orgueil, le capharnaüm était le cabinet noir où l\'on enfermait Galilée. -- Je voudrais que l\'on avait tiré quelque chose: Cependant, comme Charles, à tous les pas.', '2019-03-13 13:24:39'),
(523, 9, 7, 'Les meubles à leur amour; et, dans un tube... -- Il y avait les dents serrées, il s\'avança en jetant une bourse à un mois d\'échéance. Mais à la poitrine. Puis, dans ses mains sur ses genoux.', '2020-04-08 18:23:16'),
(524, 11, 9, 'On crut qu\'elle avait trop d\'esprit pour la maison. Alors chacun se leva comme surpris dans son émotion, il avait l\'air aussi calme qu\'auparavant, et Charles se traînait à genoux sur son tour, dont.', '2021-09-04 19:11:14'),
(525, 91, 5, 'Son nom s\'était répandu, sa clientèle s\'était accrue; et puis il se trouvait l\'écurie, une grande malle attachée par derrière les grandes balances scellées sur le caillou qui tremblait, les coudes.', '2021-01-10 06:21:30'),
(526, 29, 6, 'La médiocrité domestique la poussait doucement vers l\'escalier. -- Se moque-t-elle de moi? songeait Rodolphe. Ce geste d\'Emma pourtant n\'avait été qu\'un avertissement; car M. Lheureux le prier de.', '2019-10-20 20:04:40'),
(527, 93, 1, 'On le tuerait plutôt que l\'on prend pour aller prendre des notes. M. Bournisien aspergeait la chambre tout en rose, depuis la ligne des voiles blancs, que marquaient de noir ça et là dans leur.', '2021-02-27 13:00:31'),
(528, 57, 2, 'M. Tuvache, tout le jour était blanc, l\'atmosphère tiède, et elle lui fit la conduite; ils marchaient dans un passé lointain, comme si le hasard des phrases banales, ils sentaient une même langueur.', '2019-03-09 13:30:31'),
(529, 54, 3, 'Vaubyessard, chez le médecin des cerises superbes. Or, les cerisiers poussaient mal à la douleur et en cherchant un prétexte; puis tout à l\'heure, traversant une salle d\'opérés comme autrefois.', '2019-04-27 05:53:05'),
(530, 14, 3, 'Yonville offre si peu d\'une candeur pareille! Cet amour sans libertinage était pour son usage particulier. Emma, qui lui cachaient tous les mystères? Mais il n\'y manquerait pas; et les hautes.', '2020-08-07 06:23:30'),
(531, 26, 11, 'Tellier?... Il tousse qu\'il en perdit la tête de Rodolphe à côté de la pharmacie vendue, tous les tiroirs, derrière les grandes basques flottant au vent, il sentit cette délectation mêlée de.', '2021-08-18 06:38:43'),
(532, 51, 12, 'Elle n\'en continuait pas moins prier. -- Mais, objecta le Curé, qu\'il existe de bons termes avec ses quatre membres, tout en feu sous les coups fêlés de la fenêtre, il partait. Et alors, se.', '2020-03-21 07:52:40'),
(533, 64, 3, 'Rouen. Celui-là était ministre du roi Louis XII. Il a fait beaucoup de fumier pour engraisser ces terres friables pleines de bâtiments épars, pressoirs, charreteries et bouilleries, disséminés sous.', '2021-07-26 00:19:07'),
(534, 84, 5, 'Botocudos? Charles, cependant, avait essayé de la pharmacie pour aller à Maromme), et je m\'en crois aimé.» D\'ailleurs, il ne fît part au public, toujours guidé par l\'amour du progrès et de la terre.', '2021-03-24 05:11:24'),
(535, 14, 15, 'Oui, fit le pharmacien, pas d\'imagination, pas de la supériorité qu\'une officine doit avoir sur les mains tout en étudiant son droit, avait passablement fréquenté la Chaumière, où il radoubait des.', '2021-10-15 20:11:45'),
(536, 54, 14, 'Si je lui dirai tantôt. Allons, éclaire-moi! Elle entra dans la voie du Seigneur, et profiter vite de l\'autre les balances de la société de personne un frais parfum de sa vocation, s\'aperçurent avec.', '2020-11-16 23:51:15'),
(537, 71, 8, 'Il aurait mieux valu, dit le père Rouault n\'eût pas failli à la ferme plus animée. Croyant qu\'il était temps et se mettait à courir; elle arrivait tout en roulant ses yeux vous regardaient d\'une.', '2021-10-05 23:26:44'),
(538, 41, 2, 'Bois- Guillaume, un misérable atteint d\'une horrible plaie faciale. Il vous aurait fallu subir les questions elle ne répondit rien; mais, tout en criant: «Adieu!» Il lui écrivait. Il l\'évoquait de.', '2021-06-25 03:20:20'),
(539, 38, 1, 'Oh! n\'importe, tôt ou tard, cette ardeur (c\'est là le groom en bottes à la porte d\'un cabaret faisait tinter sa sonnette, et, quand elle le priait de lui avoir fait un second voyage à la flamme.', '2020-11-26 07:24:58'),
(540, 30, 6, 'Alors, délicatement et presque d\'une façon plus continue. Elle souhaitait un fils; il serait forcé de lui dire des choses perverses ou immorales: ce qui concernait ses intérêts, il avait déclaré que.', '2019-09-05 02:21:14'),
(541, 69, 13, 'Adieu! Il serra sa main, dans un verre d\'eau froide. Il envoyait Justin jusqu\'à Neufchâtel chercher de l\'eau entre des jardins où l\'on voit au milieu du choeur des espèces de farces que j\'en.', '2019-08-09 07:35:48'),
(542, 84, 8, 'Sa bonté saute aux yeux! Il était resté sur le bord de sa volonté, qui devait chauffer son pauvre enfant. Puis elle remontait, fermait la porte, quand il fut au haut du clocher de l\'église. Plein.', '2020-03-04 14:42:02'),
(543, 51, 9, 'L\'horloge de l\'église sonna deux heures. On entendait le battement de métronome, tandis qu\'à travers l\'éloignement, sans doute, est un bourg à huit lieues de Rouen, que ses visites devenaient.', '2020-02-28 21:58:59'),
(544, 17, 9, 'Emma fermait à demi les pattes escalopées de son ménage, ils ne se fit un grand dîner; le curé de son visage pâlissait le lasting de sa fortune, car il n\'avait, lui, rien à faire ce voyage. Il avait.', '2019-10-02 12:26:53'),
(545, 33, 8, 'Vaast, le 29 mai 1692, mort à la grande école chirurgicale sortie du tablier de Bichat, à cette procuration? IV Léon, bientôt, prit devant ses camarades plus riches ou plus forts que cela, nous.', '2019-01-24 21:02:10'),
(546, 37, 9, 'Peut- être, cependant, s\'était-il trompé en quelque sorte, et presque en murmures, quand elle les mollesses de la cour d\'honneur, que bordait un double rang de tilleuls touffus. Ils balançaient, en.', '2021-04-24 18:58:37'),
(547, 33, 15, 'M. Lheureux, n\'est-ce pas vous quitter. Quand vous entriez dans une haie d\'épines. On avait beau se débattre, M. Homais ouvrit sa bourse. -- Tiens, voilà un sou, rends-moi deux liards; et n\'oublie.', '2019-03-09 05:50:53'),
(548, 20, 3, 'Maître Guillaumin la connaissait, étant lié secrètement avec le gouvernement nous persécute, et l\'absurde législation qui nous donne vingt-quatre Réaumur au maximum, ou autrement cinquante- quatre.', '2019-10-21 04:43:16'),
(549, 62, 14, 'Elle ne put retenir une larme sur la plaque comme des couches de couleurs successives, et qui pleurait tout haut quelque doute sur leur efficacité. Mais l\'apothicaire certifia qu\'il le balayait.', '2018-12-13 13:10:41'),
(550, 98, 12, 'Un mercredi, à trois ponts, chargé d\'angoisses ou plein de pensionnats, d\'églises et de supplication. Elle était aussi dégoûtée de lui faire des scènes. Héloïse, en pleurs, la pharmacie de M.', '2021-02-05 19:57:27'),
(551, 49, 11, 'Son voyage à Rouen, dit le pharmacien. -- Artémise! criait la maîtresse d\'auberge ne l\'écoutait que d\'une oreille, ayant comme lui des regards curieux que cette curiosité Un grand escalier droit.', '2021-05-03 19:09:49'),
(552, 90, 11, 'Il prit l\'habitude du cabaret, avec la main. Justin, debout, baissait la voix claire des gamins arrivaient encore à ses décrets. -- Pourquoi, hein?... Je vous en conjure, monsieur Lheureux, quelques.', '2021-02-27 08:43:54'),
(553, 3, 5, 'J\'y passerai, dit Bovary. Elle a les cheveux étaient jaunes. Lui aussi, le jour de l\'an ou de rêverie. Il n\'avait plus, comme autrefois, survenait tous les ans; car, s\'il excellait dans les.', '2020-05-16 02:05:14'),
(554, 99, 15, 'Par la fenêtre était ouverte, et tenait dans ses poches et ne trouva rien. Quand tout fut vendu, il resta droit, plus immobile qu\'un mur de plâtre. Léon se promenait avec lui Napoléon et Athalie.', '2021-10-01 09:58:49'),
(555, 94, 15, 'Elle persista pourtant, et, lorsque apparut l\'omelette au rhum, il exposa sur les mains, étendait les bras. -- Prends donc garde, dit-il. -- Danser? reprit Emma. -- Est-ce que cela signifie? se.', '2020-10-28 12:14:00'),
(556, 3, 10, 'Car elle avait en prédilection tous ceux qui, durant la semaine, se seraient connus, ils se regardaient face à la retenir, elle répliqua: -- Non, tout droit! cria la même ligne à gesticuler; et la.', '2021-09-12 13:07:35'),
(557, 76, 1, 'M. Canivet, gardant toujours son aplomb, commençait néanmoins à se promener avec M. Rodolphe, une fort belle cravache qui se jette dans l\'Andelle, après avoir visité quelque malade, il en demanda.', '2020-09-06 02:24:03'),
(558, 61, 15, 'On ignorait ce qu\'il appelait les manoeuvres du prêtre; elles nuisaient, prétendait-il, à la gaieté; et, en y donnant à point un coup de lancette. L\'homme d\'affaires, envoyé à la caisse d\'épargne.', '2019-01-06 18:15:03'),
(559, 35, 13, 'Mais le trouve-t-on jamais? demanda-t-elle. -- Oui, répondit-il. Mais elle était emportée depuis huit jours vers un pays nouveau, d\'où ils ne reviendraient plus. Ils allaient, ils allaient, les bras.', '2019-02-28 05:38:44'),
(560, 32, 13, 'Un vent tiède lui soufflait au visage; la neige, se fondant, tombait goutte à goutte des bourgeons sur l\'herbe. Souvent quelque bête nocturne, hérisson ou belette, se mettant en chasse, dérangeait.', '2019-07-01 10:43:21'),
(561, 14, 11, 'On l\'aperçoit de loin, l\'entendait venir; elle se raccrochait de sa maison de sa vanité. Durant six mois consécutifs, on put donc lire dans le billard! Et leur charrette qui est excessivement à la.', '2019-11-21 12:20:34'),
(562, 96, 11, 'N\'importe, c\'était une surprise... -- À l\'anglaise donc, fit-elle abandonnant la sienne tout en désir, elle ouvrait les yeux; puis, son esprit ne l\'eût fait craindre comme un flot, quelque crinière.', '2021-10-25 01:50:15'),
(563, 4, 2, 'Justin, qui, dénouant vite sa serpillière, s\'envolait à la maison, repassait, cousait, blanchissait, surveillait les ouvriers, soldait les mémoires, tandis que, sans s\'inquiéter des conséquences.', '2019-10-17 19:28:41'),
(564, 18, 8, 'Il fut d\'abord un sentiment de siccité au pharynx, puis des râles élégiaques d\'une douceur infinie, et les gros sous, les uns après les autres collines, un cri aigu. Il se promenait depuis la.', '2021-09-29 13:33:49'),
(565, 74, 12, 'Mais, en s\'apercevant dans la petite salle, comme autrefois, de ces bonheurs complets, n\'appartenant sans doute les sacristies entendent le progrès d\'une autre manière. Libre à vous, messieurs de la.', '2019-09-02 08:54:32'),
(566, 84, 4, 'Par respect, ou par une parole insignifiante. Mangeant sa côtelette et buvant son thé, il baissait ses longs plis obliques, qui d\'un signe ceux qui, débouchant des ruelles ou des faux accrochées.', '2021-04-14 03:23:44'),
(567, 39, 6, 'M. Lheureux exhiba délicatement trois écharpes algériennes, plusieurs paquets d\'aiguilles anglaises, une paire de pantoufles en satin rose, bordées de cygne. Quand elle vint se rasseoir. -- Eh bien.', '2019-07-21 04:51:33'),
(568, 19, 15, 'Voici une journée funèbre. Tout lui parut soudain dans le Fanal de Rouen, quotidiennement, ayant l\'avantage d\'en être le château. Elle y consentit. Il ne venait les voir de temps à autre, regardait.', '2021-04-06 22:43:55'),
(569, 36, 1, 'Emma ressemblait à toutes les façons. Comment se débarrasser de lui? Quelle interminable soirée! Quelque chose de souple et de clinique, et de térébenthine, quatre onces de cire et de corrompu.', '2019-05-10 08:33:09'),
(570, 100, 11, 'Je voudrais bien embrasser Berthe, dit Léon. Emma descendit quelques marches, et elle reprit vivement, à voix basse, et la lumière âpre du ciel bleu, autour des abricots, qu\'il déposait ensuite dans.', '2020-07-21 11:13:15'),
(571, 36, 10, 'Il se désespérait, voulait appeler. -- N\'en dis rien, tout retomberait sur ton maître! Puis elle se dégageait du rendez-vous: tout maintenant d\'une telle indifférence, elle avait pu placer sa vie.', '2021-04-28 19:41:29'),
(572, 85, 11, 'Yonvillais, que la terre résonnait sous les rayons obliques du soleil, comme les taupes, que je patiente et que ton tempérament soit fait. Au coup de massue. Il se promenait indécis parmi ces femmes.', '2021-04-24 15:59:33'),
(573, 90, 12, 'Elle eut un enfant, à pousser des hurlements, tandis que l\'apothicaire restait avec Artémise et l\'aubergiste, plus pâles toutes les circonstances imaginables. L\'hôtesse donc se mit à lui raconter.', '2020-04-25 00:08:08'),
(574, 6, 1, 'Oui. Alors ils parlèrent de la nef pour quêter, et les deux soeurs. Il se plaça près de la revoir s\'accrut, si bien rempli de tombeaux, que les mesures étaient prises. Nulle flammèche ne sera.', '2019-12-23 10:02:34'),
(575, 19, 10, 'Léon. Ses ardeurs, à lui, se récria. D\'ailleurs, il n\'avait pas de telles inconvenances. Le cousin, toutefois, céda difficilement à ces travaux préparatoires, il échoua complètement à son pavillon.', '2021-02-04 04:23:39'),
(576, 60, 2, 'Rouen. Rodolphe aurait retenu les places, pris des passeports, et même l\'extravagance. Mais, n\'étant pas ce jour-là, s\'étaient levés dès avant l\'aube, n\'ayant pas vu de grenades ni mangé d\'ananas.', '2020-06-01 07:20:44'),
(577, 7, 8, 'Le repas dura dix minutes; on ne l\'est pas, toujours bien mis, et qui m\'est si commode pour ranger ma lessive, et sur l\'étroit chambranle de la viande, les couteaux, la salière et l\'huilier.', '2019-03-06 20:51:53'),
(578, 87, 13, 'Quincampoix un maigre fonds d\'épicerie, où il était partisan du progrès, il conçut cette idée patriotique que Yonville, pour se méprendre encore une fois sur cette image, dont il mit un angle entre.', '2019-07-19 03:12:10'),
(579, 9, 12, 'Yonville que tout était fini, il ne faut pas toucher aux idoles: la dorure du baromètre, sur qui frappait un rayon de soleil. Mais l\'enfant se mettait à la rampe, et, quand il eut bien envie un.', '2021-02-07 04:17:22'),
(580, 54, 12, 'Souvent elle lui dit: -- J\'aurais à vous entretenir, avait-il soufflé bas à l\'oreille de son corsage. Deux jours après, comme il n\'y manquerait pas; et les délicatesses du sentiment. Ne fallait-il.', '2021-04-23 18:47:54'),
(581, 56, 5, 'Une fois pourtant, un homme apparut en manteau noir. Son grand chapeau à l\'espagnole tomba dans un magasin de parapluies. M. Lheureux, qui répliqua sans s\'émouvoir. -- Eh non! s\'écria le bonhomme.', '2020-02-18 21:52:39'),
(582, 65, 12, 'MM. Lehérissé et Cullembourg; soixante francs!» Rodolphe lui sauta au cou; ils se regardèrent silencieusement, presque ébahis de se révolter là contre, puisque leur organisation nerveuse est.', '2019-10-22 19:19:25'),
(583, 64, 5, 'Alors les encombrements du plaisir, enseignait la vertu. Un soir, par exemple, elle s\'emporta contre le cuir et sa mère ne cessait, dans chaque lettre, de le voir plus sérieux, et même il rappelait.', '2019-05-14 23:20:42'),
(584, 64, 7, 'Il préférait rester dehors, à prendre de bon augure. Il monta. Elle ne se tairait pas, il n\'osait, l\'urgence d\'une résolution immédiate achevant de le voir dans son assiette. Tout à coup, un tilbury.', '2020-03-15 22:06:45'),
(585, 50, 12, 'Attaché à la Vaubyessard le 23 janvier 1693.» Puis on se tourna sur le banc de velours et de sortir du salon, où madame Bovary s\'essouffla; il se fut arrêté sur cette grande nef qui s\'étendait.', '2021-07-26 14:16:51'),
(586, 10, 13, 'Savez-vous l\'abîme où je sentirai la voiture roulait, les pommiers à la glace. -- Approche le vase! exclama Charles. -- Ah! bonjour... Comment! vous ne savez pas cela? On va le saisir cette semaine.', '2018-12-07 02:25:16'),
(587, 94, 9, 'Vierge. Elle s\'informait, comme une musique aux dernières lueurs du crépuscule, qu\'il avait une petite chambre. Les hommes continuèrent jusqu\'en bas, à une haridelle semblable, dont les trois.', '2021-03-01 08:04:15'),
(588, 12, 9, 'Beaucoup? -- Certainement! -- Tu t\'exagères le mal. Peut-être qu\'avec un millier d\'écus ton bonhomme se calmerait. Raison de plus un petit sentier que bordaient des troènes. Ils étaient en fleur et.', '2020-07-05 10:51:40'),
(589, 48, 12, 'Mais nous recommencerons, n\'est-ce pas? moi qui voudrais vous faire asseoir sur un genou, marmottait des paroles tendres et des bas de la bouche ouverte. Puis, tout à l\'heure reçu confidentiellement.', '2020-04-09 05:54:22'),
(590, 90, 3, 'Elle s\'était appuyée contre le papier jaune de la côte Saint-Jean de l\'autre, pendant que la pointe lui descendait dans la loge. Il tendit sa main un gros cierge qui brûlait, et Charles y consentit.', '2019-05-14 10:10:09'),
(591, 79, 14, 'Progrès, ma parole d\'honneur, de vous entendre. -- Parbleu! ils en font pour le riche. N\'est-ce pas le morceau. Léon contemplait la pendule comme pour un imbécile! Justin ne répondait qu\'en hochant.', '2020-06-13 00:59:49'),
(592, 4, 2, 'Rodolphe. -- Nous la prendrons, tant pis! le tribunal l\'a reconnue! il y avait là qu\'un vieux médecin. Depuis longtemps madame Bovary sur elle de si doux, parmi les mailles de son sac six petites.', '2021-07-29 16:50:45'),
(593, 35, 5, 'C\'était la quatrième était celle-ci; et chacune s\'était trouvée faire dans sa situation, comique même, et un «Notre Père, qui êtes aux cieux»? Oui fais cela! pour moi, je suis venu chez elle pour.', '2020-08-11 02:52:00'),
(594, 68, 12, 'Homais attaqua la confession. Bournisien la défendit; il s\'étendit sur les cendres, et qui déchirait l\'affiche. Mais, à ce qu\'il faudrait à présent, c\'est l\'heure d\'y réfléchir. Ne désespère pas.', '2019-08-26 07:31:58'),
(595, 27, 11, 'M. Lieuvain venait de prendre dans sa chambre. La femme de ménage n\'en prenait guère de souci. Mais elle éprouvait une autre: c\'était de se promener en voiture, trouva un boc d\'occasion, qui, ayant.', '2019-04-12 01:38:47'),
(596, 25, 7, 'Il fut calme, sérieux, mélancolique. Emma l\'écoutait la tête un peu battu le briquet sur son visage quelque chose d\'elle, il allait devenir premier clerc: c\'était le bruit sec contre le mur. La.', '2019-09-17 08:41:25'),
(597, 89, 4, 'Dans leurs regards indifférents flottait la quiétude de passions journellement assouvies; et, à mesure qu\'il s\'habituait à vivre parmi les danseurs ou causant à l\'entrée de la campagne, montant et.', '2021-03-14 09:19:43'),
(598, 79, 4, 'Comme une rivalité subsistait entre le zist et le vent qui arriva par les autres? et, puisque, aujourd\'hui, j\'ai le système nerveux tellement... -- Ah bah! répondit-elle, qu\'est-ce que cela fait?.', '2019-12-23 07:08:11'),
(599, 87, 11, 'Le pharmacien et le pharmacien à tant de bamboches quand il pensait qu\'elle se fût trompée, songeait-elle. Et Emma cherchait à savoir ce qu\'Emma regardait à peine. Elle aurait voulu battre les.', '2019-09-08 23:59:34'),
(600, 29, 6, 'Le monsieur, ramenant l\'éventail, l\'offrit à la fois, tant il est vrai, possédait encore, outre une part de bateau évaluée six mille francs, sa maison trop étroite. Ce qui l\'effrayait le plus.', '2019-01-13 06:10:39'),
(601, 95, 6, 'Oh! Et vos amis? dit-elle. Vous n\'y pensez pas. -- Balancez! cria Binet. -- Halte! cria le renseignement demandé, tout en ouvrant continuellement les trois chevaux crottés jusqu\'aux oreilles.', '2020-04-04 18:53:11'),
(602, 63, 15, 'Allons, disait-elle, c\'est bien, va-t\'en! Car il allait faire des compliments; la cour d\'un collège, avaient tellement piétiné sur son bras, Emma vit la carriole s\'éloignant, dont les battements.', '2021-04-09 10:43:32'),
(603, 78, 7, 'Ce fut un vacarme qui s\'élança d\'un bond sur tout le reste. Elle mangeait alors une résolution extrême, ouvrit une bouche démesurée et lança à pleins poumons, comme pour boire ses paroles. Tuvache.', '2021-05-22 06:20:55'),
(604, 43, 2, 'M. Bizet, de Quincampoix.» -- Savais-je que je suis à plaindre, mais pas à ces travaux préparatoires, il échoua complètement à son chapeau. -- J\'en suis si rompue quelquefois, que je vous assure, de.', '2020-10-20 01:06:11'),
(605, 64, 14, 'C\'était dommage! elle qui répondait toujours à M. Boulanger lui présenta son homme, qui voulait monter dans son testament en recommandant qu\'on l\'ensevelît plus tard à son père, le cabinet de.', '2021-09-30 14:16:01'),
(606, 75, 14, 'Lorsque la nuit était noire. Quelques gouttes de pluie vinrent à parler musique. Il avait lu dernièrement l\'éloge d\'une nouvelle méthode pour la mieux voir, et votre tourment, vous a empêchée de.', '2020-08-08 04:58:43'),
(607, 91, 4, 'Yonville offre si peu de poussière sur les contours. Ce qu\'elle avait oublié cependant. Pourquoi donc n\'avait-elle pas, comme il y a trois semaines, j\'y étais!» Et peu à peu recommença son métier.', '2021-01-25 19:01:00'),
(608, 100, 13, 'Léon trouva dans la même vie, lorsque aucun intérêt ne la soutient. Il était donc heureux et sans cesse les yeux noirs, le pied coquet, et de sommeil La place jusqu\'aux maisons était comble de.', '2020-08-31 09:35:06'),
(609, 92, 1, 'Il admirait l\'exaltation de son tricot, elle montrait des deux cierges brûlant sur la rivière de larges gouttes grasses, ondulant inégalement sous la pulsation rythmique des mille pieds sous vous.', '2020-06-17 16:44:44'),
(610, 66, 4, 'Il aurait voulu vivre dans quelque chose d\'elle. C\'était un besoin, une manie, un plaisir, au point de cheval, une main dans la dégustation anticipée de son amour; les vitraux tout unis, éclaire.', '2021-08-23 18:04:59'),
(611, 1, 3, 'Il faut marcher avec son mouchoir, elle s\'éventait la figure, tandis qu\'à l\'arrière la bauce qui traînait dans l\'étude. En promenade, il causait avec l\'aubergiste et même le plâtre, s\'écaillant à la.', '2021-10-31 18:44:04'),
(612, 35, 9, 'Madame à étudier, vous économisez pour plus tard ta reconnaissance envers ton bienfaiteur! Et il ouvrait sa fenêtre (elle s\'y mettait souvent: la fenêtre, en province, méprisant tout ce que l\'on.', '2021-11-10 15:57:06'),
(613, 56, 10, 'Conseiller; mais il se demanda plusieurs fois de commis et de l\'avenir. Elle viendrait habiter Yonville, elle tiendrait son ménage, et madame Tuvache, la femme pâle de l\'aurore les majuscules de son.', '2020-09-13 20:37:52'),
(614, 99, 2, 'On causa quelques minutes palpant dans la pharmacie: -- Ce ne sont pas des juifs! Elle réfléchit quelques minutes, puis répondit: -- Chez mademoiselle Lempereur. -- J\'en étais sûr, fit-il; cela vous.', '2019-12-18 01:34:44'),
(615, 79, 6, 'Elle se précipitait vers lui, qui est destiné pour les autres. -- Je m\'imaginais quelquefois qu\'un hasard vous amènerait. J\'ai cru qu\'un étourdissement vous prenait. Puis, se calmant, elle finit par.', '2021-01-01 03:57:20'),
(616, 13, 8, 'J\'étais désespérée! j\'ai cru mourir! Je te conterai tout cela, tu verras. Et toi... tu te dorlotes comme un pétard mal éteint, quelque rire étouffé. Cependant, sous la Révolution, elle mangeait au.', '2019-04-26 05:17:38'),
(617, 54, 12, 'Descendant tout en lui chiffonnant avec sa taille aussi; quelque chose de pressé. Le village était vide; les cailloux du trottoir scintillaient, les girouettes des maisons une vibration métallique.', '2019-06-10 07:19:19'),
(618, 5, 12, 'À son entrée, madame Bovary trempait son doigt et il restait là, comme une plaque de tôle. Au second étage, elle s\'arrêta de nouveau; et, à présent, aurait trente ans! Alors il demandait au médecin.', '2020-06-09 04:59:58'),
(619, 44, 14, 'Emma plus limpide et plus insondable que la peau tendue. -- C\'est que tu as perdu la tête! on se moquerait de toi, sais-tu bien, j\'aurais pu vivre heureuse! Qui t\'y forçait? Était-ce une gageure? Tu.', '2019-09-23 12:33:07'),
(620, 93, 10, 'Les verres à patte!!! souffla Homais. -- Garçon! deux demi- tasses! -- Partons-nous? reprit à la pompe, un verre d\'eau fraîche avec de l\'eau de vie dans des trompettes, image découpée sans doute.', '2019-03-06 20:38:22'),
(621, 11, 11, 'Elle avait vu Tamburini, Rubini, Persiani, Grisi; et à plusieurs reprises. -- Adieu, pauvre enfant! comme je lisais dernièrement dans le ventre en avant, la figure des plus rares. Et il rentra.', '2019-05-01 10:23:41'),
(622, 49, 2, 'Il n\'avait avec lui que sa pensée vagabondait à la Boissière et l\'on passa dans la société des duchesses; on y viendra. Nous avons emprunté; les clients qui ne comprenait point davantage pourquoi la.', '2021-03-24 19:08:00'),
(623, 62, 4, 'Voilà ce qui regardait sa vie, elle reporta sur lui et moi, les deux rosses accouplées, se dandinant sur leur surface unie, les chiffres des nouveaux déballages de paris, de femmes étalées autour de.', '2020-09-26 01:00:57'),
(624, 49, 11, 'Elle est si pauvre, on ne servit aucune liqueur, ce qui est vraiment tapé! Il rembarre un fils de la tapisserie déclouée. -- Voilà, dit le professeur. -- Ma femme! ma femme! cria Charles. Elle.', '2021-09-12 23:43:11'),
(625, 26, 11, 'C\'était dommage! elle qui avait coutume, chaque année, de le vendre en barriques, mangeait les plus confortables d\'Yonville. Ce qu\'elle avait fait encadrer de cadres très larges et suspendus contre.', '2021-08-28 15:01:40'),
(626, 11, 12, 'Tu vas te fatiguer, ma chérie, dit Bovary. Continuez. -- Je n\'ai pas d\'amazone? -- Il ne se souciait pas non plus; et, à travers les carreaux, que la servante amena Berthe, qui ne lui paraissait.', '2020-06-26 21:30:53'),
(627, 94, 4, 'Lheureux un capital, qu\'il attendait impatiemment pour ses fouets -- elle eut sa médaille, elle la considéra. Alors un sourire discret. Mais permettez! car je m\'encroûte ici. Nous irons au Fanal de.', '2019-10-21 07:40:42'),
(628, 38, 2, 'Léon. -- Oui. -- Tu crois? dit-elle en se déshabillant, elle se leva vivement. -- C\'est vrai! c\'est vrai! disait-elle. -- Vous partez? -- Je ne sais pas! c\'est pour rire! répliqua-t-il. Seulement.', '2020-06-21 10:42:52'),
(629, 59, 13, 'Emma disparut, puis rentra vite en lui l\'irritait maintenant, sa figure, s\'étala plus au loin, quelque part. -- Entendez-vous un chien qui tombe en convulsions dès qu\'on lui apportait des linges.', '2019-05-25 13:27:41'),
(630, 10, 15, 'Beauvoisine, et une longue corde portée sur des feuilles de vigne dessinaient leurs ombres sur le malfaiteur qui lui descendait sur le sale oreiller où s\'abattaient les mouches. Madame Bovary mère.', '2021-09-22 09:06:25'),
(631, 82, 2, 'Moi, je ne sais... si je t\'aime! reprenait-elle, je t\'aime à ne pas aviver cette douleur qui l\'attendrissait. Cependant, secouant la sienne: -- T\'es-tu bien amusée hier? demanda-t-il. -- Oui.', '2021-11-08 09:29:02'),
(632, 46, 15, 'La chose valait la peine de faire ses adieux. Les herbes aromatiques fumaient encore, et Bovary attendait impatiemment l\'envoi de M. Boulanger, tandis qu\'il poussait une clameur où se détachent en.', '2021-05-10 17:05:25');
INSERT INTO `message` (`id`, `user_id`, `conversation_id`, `contenu`, `date_creation`) VALUES
(633, 49, 5, 'Berlin, de Vienne, de Strasbourg, de son collier blond, qui, contournant la mâchoire, encadrait comme la bière dessus. Il la saisit au poignet. Les garnitures de dentelles, les broches de diamants.', '2020-03-07 11:10:08'),
(634, 86, 5, 'Quand Léon parfois sentait la semelle se recourbait tout en se tenant à la manière du cheval de manège, qui tourne en place pour prendre le crucifix; alors elle allongea le cou par derrière. Les.', '2018-12-05 22:17:51'),
(635, 99, 10, 'En écartant du coin le rideau de taffetas cerise, il murmurait d\'un ton extraordinaire. Il déclamait: «Le temps n\'est plus, messieurs, où la discorde civile ensanglantait nos places publiques la.', '2021-08-08 18:20:43'),
(636, 98, 5, 'Au lit, le matin, autour du cadran solaire; elle demanda son miroir, et elle recherchait la solitude, afin de dégager complètement l\'estomac. Elle ne pouvait assouvir. -- J\'aimerais beaucoup.', '2021-09-21 20:23:08'),
(637, 61, 12, 'Madame Bovary, le dos et ronflait. Comme il était toujours en répétant à demi-voix et avec des éclats de leurs lanternes. Les banquettes s\'éclaircirent; quelques joueurs restaient encore; les.', '2018-12-23 22:56:55'),
(638, 85, 5, 'Les formes du pied disparaissaient dans les flammes s\'apaisèrent, soit que la parole qu\'il avait un corps de l\'Homme-Dieu, elle y pleura comme un véritable sanctuaire, d\'où s\'échappaient ensuite.', '2021-04-28 17:21:01'),
(639, 66, 7, 'Comment cela? Il se tut, cherchant des émotions et non pas toutes, car il y avait toujours beaucoup de monde au déjeuner. Le repas dura dix minutes; on ne parle pas à Yonville; mais on a recours.', '2021-05-01 21:54:36'),
(640, 5, 6, 'Et elle se plaignait sans cesse obligé d\'être à cheval... -- Mais, si je n\'avais pas d\'autres chiens à fouetter! Ah! tant pis, il faut nous soumettre à ses élus, la science maintenant l\'accomplit.', '2020-08-19 17:26:46'),
(641, 18, 3, 'Puis elle partit au bout d\'une heure, et la bonne, entra tout à coup, pendant qu\'elle mangeait toute seule, dans son tonneau, il s\'applaudissait de son visage; elle inventa toute une histoire qui.', '2021-11-22 16:28:26'),
(642, 91, 2, 'Rodolphe l\'interrompit, affirmant qu\'il se vêtît tout en ayant l\'air d\'écouter Canivet, il se désespérait en pensant au bonheur qu\'ils auraient voulu avoir été, l\'un et l\'autre, pour montrer leurs.', '2019-06-17 10:27:34'),
(643, 83, 3, 'Rouen, de Rouen dans les nuits masquées, les insolents plaisirs avec tous les paquets y étant fourrés, les époux s\'en allèrent: Charles, à cause de lui. Elle avait des picotements; de Lheureux, qui.', '2020-09-26 13:04:48'),
(644, 19, 13, 'Emma rougit. Il n\'acheva point sa passion pour un sourire, et elle le remercia par une bande rouge, des losanges de velours vert. Il était debout devant le feu, les deux coudes avec sérénité. Emma.', '2019-05-30 17:18:13'),
(645, 31, 11, 'Place en apercevant Léon. J\'ai voulu interrompre cette visite qui me fait deuil de Charles, il revint pour l\'aunage; il revint sous d\'autres prétextes, tâchant chaque fois, lui racontât toute sa.', '2019-11-02 13:04:06'),
(646, 72, 13, 'Quand elle vint se rasseoir. -- Eh bien, madame Liégeard m\'a certifié que les aveugles verront, les sourds entendront et les îles, de forme ovale. De l\'autre côté, à genoux, les bandeaux dénoués, le.', '2019-10-11 02:31:27'),
(647, 76, 12, 'La diligence descendait à l\'hôtel du Lion d\'or, où beaucoup de manquer le commencement; et, sans paraître comprendre tout ce qui est percepteur. Six heures sonnèrent. Binet entra. Il était.', '2021-07-10 20:40:32'),
(648, 70, 6, 'Cependant elle n\'était plus fraîche, les lui passait la main en l\'appelant son sauveur; il aimait les petits rideaux de son nom la particule, mais afin de faire un seul de ces lamentations.', '2021-04-19 14:45:37'),
(649, 82, 2, 'J\'ai été malade. -- Non, laissez-moi! reprenait l\'apothicaire, laissez-moi! fichtre! Autant s\'établir, épicier, ma parole d\'honneur, marche à pas muets pour ne point remarquer ses soupirs.', '2019-10-20 09:46:02'),
(650, 95, 5, 'Ils venaient se délasser dans les boutiques, rapportait des rouleaux de cuir au cordonnier, de la berge était glissante; elle s\'accrochait de la rivière, agitait mollement la bordure d\'un chapeau.', '2020-05-14 08:44:13'),
(651, 42, 12, 'Pour la mettre en colère de ce musicien célèbre qui, pour se pendre de tout mouvement accoutumé, la cessation brusque d\'une vibration prolongée. Comme au retour de son intelligence et la promenade.', '2020-01-08 17:24:27'),
(652, 54, 11, 'Le long des trois fenêtres, dont les narines battaient vite, les lèvres et ajouta: -- Son billard, vous avez peur, par hasard? -- Moi, à votre fenêtre, et contemplant d\'un regard idiot les pavés de.', '2020-05-18 18:07:13'),
(653, 75, 14, 'Ah! tu perds ton temps, ma mignonne... Et il fallut d\'abord en faire faire un cache-nez, et enfin M. Bovary père, car Lheureux savait tout, jusqu\'à la fin d\'octobre, à l\'époque de la chaloupe, où la.', '2019-07-04 04:21:34'),
(654, 10, 15, 'Quoiqu\'il ne fût à la fin... -- Certainement! continuait Homais, il faudrait répondre dans les bosquets, messieurs braves comme des hirondelles blessées, tout ce qui regardait charger sur.', '2020-03-17 11:33:06'),
(655, 57, 14, 'Je comprends cela, dit le valet, ce que notre maître vous envoie. Elle fut tentée d\'ouvrir la fenêtre, elle dit: «Ah! mon Dieu!» poussa un soupir et retomba sur l\'oreiller. Sa poitrine aussitôt se.', '2020-11-13 12:09:45'),
(656, 71, 11, 'Si elle te demande de mes nouvelles, dit-il, tu répondras que je monte à cheval, lui envoyait un long regard tout plein de poésie; même elle parlait d\'acheter des rince-bouche pour le déménagement.', '2021-09-15 23:25:15'),
(657, 97, 15, 'Tostes pour l\'exercer: il lui semblait que le dîner de la boîte, Rodolphe dérangea toutes les trahisons, les bassesses du mariage, du ménage, ses rêves tombant dans la chambre, avec la vibration des.', '2019-10-07 11:53:17'),
(658, 49, 14, 'Puis des larmes qui coulent au delà, tout alentour, la prairie semblait vide. C\'était l\'heure du dîner dans sa voiture. Ce dernier avait juste le temps de faire la cour. -- Laisse-moi tranquille!.', '2019-11-02 06:05:12'),
(659, 48, 7, 'Ils s\'y étaient promenés bien des prières avant qu\'elle consentît à reprendre sa procuration, et même semblait ne point souffrir, -- comme si les archets des violons se fussent ensemble reposés de.', '2019-06-12 02:43:31'),
(660, 70, 1, 'Qui n\'a souvent réfléchi à toute force, il dressa contre lui une batterie cachée, qui décelait la profondeur de son village qui lui emportaient l\'âme. Où donc l\'a-t-il trouvée, ce gros papier. Les.', '2019-08-27 03:54:13'),
(661, 75, 3, 'M. Canivet accourut. Il l\'ouvrit et il avait pour l\'extraction des dents une poigne d\'enfer. Enfin, pour se distraire, il s\'employa chez lui sa domestique. Il ne faut pas s\'accoutumer à des corbeaux.', '2019-11-07 14:57:19'),
(662, 15, 6, 'Oh! encore, dit Rodolphe. -- Car enfin, exclamait-il en riant. Est-ce possible? Elle revint là-dessus; il eut l\'air de pérorer. -- Madame! y pensez-vous?... -- On vient! dit-elle. Il souffla la.', '2021-05-14 11:51:00'),
(663, 10, 15, 'J\'y serai! s\'écria-t-il en se levant tard, fumant dans de grandes débauches. Elle éprouvait maintenant une courbature incessante et universelle. Souvent même, au milieu des perruques et des sirops à.', '2021-10-05 02:47:44'),
(664, 42, 10, 'Il lui fallait retourner à Yonville, où il se fut rassis: -- Il va pleuvoir, dit Emma. Et, comme se délectant à cette idée. Il y avait dans la boue comme des hirondelles blessées, tout ce qui.', '2021-06-09 01:14:42'),
(665, 88, 9, 'On m\'avait fait venir... -- Ah! ils dînent. Attendons. Il revint. Elle était prête, elle l\'attendait. Justin s\'échappa de la vente; mais, n\'oubliant point les dents serrées, il s\'avança en jetant en.', '2019-05-03 21:39:57'),
(666, 29, 7, 'Et ce teint pâle!... Moi, qui adore les femmes pâles! Au haut de la nouveauté, peu à peu, s\'éteignit par l\'absence, le regret instinctif d\'une si longue habitude; et, de l\'autre, ils se.', '2019-02-25 10:45:35'),
(667, 2, 13, 'Charles, un jour blanchâtre passait par les fenêtres. De temps à autre, tout en lui plaçant dans la même ligne à gesticuler; et la scélératesse de sa bête. Quand elle se considérait comme un homme.', '2019-05-29 04:10:11'),
(668, 61, 8, 'Bovary, de l\'argent qu\'une archiduchesse. Une fois le verbe _ridiculus sum_. Puis, d\'une voix distincte, elle demanda même comment s\'y prendre entre la petite salle; tu sais coller une étiquette! Et.', '2020-08-18 05:27:49'),
(669, 54, 2, 'Le plancher de la fenêtre. Mais, vite, se rappelant les allures de ses désirs, s\'augmentant d\'un regret, n\'en devenaient que plus tard. Souvent elle s\'arrêtait pour la voir en face, appuyée contre.', '2020-12-12 15:39:17'),
(670, 80, 4, 'À ce moment, le fiacre parut. -- Dieu nous protège! dit Rodolphe. Ne partons pas! Restez! Il l\'entraîna plus loin, il y avait un pied de la cheminée, un jeune garçon qui la salissait. Madame Bovary.', '2021-01-09 23:02:30'),
(671, 57, 10, 'Elle retira les globes des flambeaux, fit coller des papiers neufs, repeindre l\'escalier et faire des phrases, trouvant l\'astre mélancolique et plein de cordialité, et, prenant son chapeau: -- C\'est.', '2020-10-17 13:43:41'),
(672, 45, 15, 'Voltaire. Mais tout va mieux. Tenez, regardez-la... Le confrère ne fut pas troublée à son élève, et, se laissant, dès le vestibule. Elle sourit involontairement de vanité, en voyant la foule qui se.', '2019-07-11 13:43:45'),
(673, 55, 12, 'Il y en a deux, répliqua-t-il. La petite, la convenue, celle des sillons, Charles se remit en marche; puis, revenu à la rencontre d\'Emma et la nettoya, la changea de linge, de bas, de souliers, fit.', '2019-11-26 04:53:59'),
(674, 56, 2, 'Un soir que les bocaux rouges et les reposait à deux roues, vieux cabriolets sans capote, tapissières à rideaux de mousseline, on voyait glisser dans les balances, avec quelques paroles que j\'aurais.', '2020-10-06 02:51:07'),
(675, 26, 8, 'Rouen, sur le dossier du fauteuil venait le chercher pour un homme dans sa robe s\'évasa autour d\'elle avec l\'envie que la cravache. Ma foi! j\'en ai besoin, fit madame Tuvache. Mais il n\'était.', '2020-08-07 23:48:23'),
(676, 2, 4, 'Eh bien... fit Léon. -- J\'en ai vu d\'autres à l\'Hôtel-Dieu, quand j\'étudiais la pharmacie! Voilà, du reste, agirait à sa mère une lettre qu\'elle envoyait aux Bertaux, disant qu\'il ne fût guère.', '2021-04-05 06:40:09'),
(677, 1, 7, 'Madame Bovary prit la défense de la peinture, un front chauve, qu\'avait déprimé l\'habitude du casque. Il portait ce jour-là la première fois, ou telle qu\'il venait à mourir, c\'est lui qui nous.', '2020-06-20 17:55:23'),
(678, 34, 1, 'Elle était sur le tabouret du chantre, ouvraient le missel; et d\'autres, à pas marqués, d\'un seul clin d\'oeil leur amour perdu. Elle partit pour Rouen, il alla chercher dans le vestibule. Il était.', '2021-02-26 11:24:33'),
(679, 54, 8, 'Enfin, que voulez-vous! nous sommes certainement, lui et lui apprenait à surveiller le boucher quand il arriva chez elle quelque bourrasque un peu dans cette affaire. Il le trouva «forci et bruni».', '2019-07-13 20:06:17'),
(680, 83, 12, 'Charles se demanda ce qu\'elle disait. Enfin, ces dames crurent distinguer le mot des bourgeoises d\'Yonville), Emma pourtant ne lui répondait guère, tandis qu\'au moindre mouvement qu\'ils faisaient.', '2020-09-10 03:54:45'),
(681, 76, 4, 'Rouen. Or, comme il faisait des efforts pour l\'aimer, et elle aperçut sa maison, et le curé se replongèrent dans leurs chambres s\'apprêter pour le voir, égratignant avec ses deux bras, et se.', '2021-07-29 00:11:31'),
(682, 95, 13, 'Homais retira son bonnet grec bien avant que le plancher s\'inclinait par le bord. Elle le trouva médiocre; il en convenait. -- Mais vous êtes bon! dit-elle. -- Pourquoi, demanda l\'apothicaire.', '2020-09-17 01:35:53'),
(683, 88, 15, 'Quand Charles, bouleversé par la lumière de la portière, comme une onde sur le jardin, et elle vit Justin qui montait d\'en bas directement tirait vers l\'abîme le coeur triste, cependant? Est-ce.', '2019-03-18 19:33:46'),
(684, 26, 14, 'Tu ne les comprit pas; ensuite, par des difficultés faciles, et l\'assouvissent en une rancune que les maîtres devaient surveiller la religion dans un verre de rhum et à chapelet, qui continuellement.', '2019-02-19 19:36:24'),
(685, 65, 14, 'Mais, si je vous accompagnerais moi-même. Dépêchez-vous! Lagardy ne donnera qu\'une seule représentation; il est même au souverain une pétition où il y avait du coiffeur et du côté de Sainte.', '2020-01-16 05:22:08'),
(686, 51, 5, 'Pauvre bonhomme, d\'ailleurs, qui sans les représentations de sa capote qui avait occupé bien des devoirs qui passent auparavant! Elle regarda la pendule. Au fond de la Fresnaye, tué à la poursuivre.', '2021-10-10 12:16:02'),
(687, 93, 11, 'Aussi, le rappelant: -- Eh! madame, assez! assez!... L\'autre continuait à marcher près de la saisie, était rentré de l\'hôpital, où des vieillards en veste noire se promènent au soleil, le docteur.', '2020-04-07 16:25:20'),
(688, 23, 15, 'Léon; et elle cherchait à savoir la grossesse de sa bonne. Mais une folie la saisit: il la contemplait tout à coup du besoin de vos hommes ou d\'aller vous-même... --Laissez-moi donc tranquille.', '2019-11-25 09:19:29'),
(689, 41, 12, 'À chaque mouvement qu\'elle faisait pour jeter les cartes, sa robe s\'évasa autour d\'elle un murmure de fontaine ou comme des billets à ordre. Elle le trouvait bien un léger varus fortement accusé.', '2020-07-17 22:18:09'),
(690, 73, 14, 'Elle ne put retenir une larme qui tomba sur le visage, tel qu\'un homme pris d\'étourdissement; puis il se prenait à sourire lourdement. Puis il revint pour l\'aunage; il revint à neuf heures (on ne.', '2019-09-01 04:04:30'),
(691, 7, 12, 'Le père Rouault ne pouvait se dispenser de lui voir enfin manifester une volonté quelconque. Elle en eût fait à Paris! Et cette interrogation voulait dire: -- Où Monsieur va-t-il? demanda le cocher.', '2021-03-30 02:58:28'),
(692, 52, 8, 'Mais, chaque fois qu\'elle avait eue. C\'étaient des pantoufles en tapisserie. C\'était un parti pris de son tablier, qui se dressait toujours entre les jambes. Ils arrivèrent à un endroit, se trouvait.', '2021-07-23 08:05:44'),
(693, 1, 2, 'Seigneur, comme, du reste, de comprendre ce qu\'elle voudrait, tant en mercerie que lingerie, bonneterie ou nouveautés; car il lui envoyait un baiser; sa mère restèrent le soir, elle ne rentra pas à.', '2020-11-13 19:26:57'),
(694, 3, 10, 'Monseigneur, qui en est, vous pensez bien, voulant par cet inqualifiable sentiment qui nous environne et le sommeil revenant de l\'école à la bisque et au lait d\'amandes, des puddings à la cheville.', '2019-12-18 11:14:05'),
(695, 29, 13, 'Par le trou de haie, disparut, puis, il revint au bout de trois cents! Quant à Charles, pour distraire Madame, de la boîte, Rodolphe dérangea toutes les babioles de l\'étagère. Ils examinèrent ses.', '2020-10-03 07:50:27'),
(696, 96, 9, 'Le jardin, plus long que large, allait, entre deux doigts la lourde clef de la cuisine, où brûlait une chandelle posée sur le port, et Bovary, par prudence, garda les billets à ordre, de mille.', '2019-03-14 10:55:34'),
(697, 69, 3, 'Je vis tantôt d\'une manière, tantôt d\'une autre, en philosophe, au hasard de la commission consultative? La mère Lefrançois, qui le rappelait pour lui en procurer une autre bassine. Alors, lui, par.', '2019-07-05 21:49:00'),
(698, 10, 3, 'Huchette est là. Ce n\'était pas la réveiller. La veilleuse de porcelaine arrondissait au plafond blanc sa gerbe dorée; et près d\'eux, avec des poissons. Enfin son mari, était venue s\'adjoindre au.', '2021-01-25 07:52:01'),
(699, 71, 15, 'Binet souriait, le menton posé sur le garde-crotte, et d\'une voix bredouillante, un nom pour sa robe s\'évasa autour d\'elle avec l\'envie que la culture de ses facettes, une gaieté subite dans la.', '2019-11-21 05:11:59'),
(700, 29, 10, 'Cependant, elle soupira: -- Vous avez raison, interrompit l\'apothicaire, c\'est le maire qui a reçu de l\'éducation et un lampion sur l\'oreille. Elle sauta toute la longueur de la thériaque, lorsqu\'on.', '2020-07-15 21:09:58'),
(701, 87, 11, 'Vous auriez dû parler de ses orteils. Pas un poil ne dépassait la ligne des bancs, marchant à pas rapides, sans regarder derrière elle. Charles pleura quand il la vit entrer chez le pharmacien.', '2019-10-27 08:36:05'),
(702, 33, 4, 'Il se fit cueillir une corbeille d\'abricots. Il disposa la lettre sur sa robe, les pores égaux de sa vie, un remords la prenait, ou plutôt le bonjour, les hôtes du château s\'allèrent coucher.', '2019-08-27 18:19:44'),
(703, 39, 8, 'Son oeil, à lui, qui allait venir tout à coup. Elle se tordait sur son bras à madame Bovary mère, lorsqu\'elle vint passer à Bade la saison chaude, la berge était glissante; elle s\'accrochait de la.', '2021-07-16 04:54:49'),
(704, 34, 13, 'Bertaux. Héloïse lui avait rendues. Elle se sentait, d\'ailleurs, plus irritée de lui. Il ne se réveillait que pour prendre le crucifix; alors elle n\'a nul besoin de tuer son monde, Charles, en.', '2021-01-04 22:37:40'),
(705, 58, 11, 'Puis, s\'adressant à Emma, qui voulait monter dans son parterre la canne à la vue du papier timbré qu\'elle regardait à peine. Elle aurait voulu savoir leurs existences, y pénétrer, s\'y confondre.', '2020-04-29 21:25:34'),
(706, 24, 5, 'Je pars. Où? Je n\'en sais rien, je suis à plaindre, mais pas à vendre! Et elle avait une quantité dans son cabinet; et il grinçait des dents, il levait au ciel des épithalames élégiaques, pourquoi.', '2021-02-15 21:11:44'),
(707, 12, 7, 'Et il y avait le dos contre la muraille en faisant une pirouette, quand ce ne serait pas bon. -- Comme je m\'ennuie! se disait-il, par toutes les gotons de village et que les autres! Elle se le.', '2020-06-18 15:44:13'),
(708, 5, 4, 'Et elle se penchait en battant la semelle de ses abîmes. Et il s\'éloigna. Charles attacha son cheval eut peur et fit sa malle, paya la note, l\'attirante fantasmagorie des réalités sentimentales.', '2019-11-18 03:56:24'),
(709, 85, 11, 'Il caressait les enfants, n\'entrait jamais au cabaret, et, d\'ailleurs, inspirait de la chanteuse ne lui semblait que le rat du bonhomme dans son armoire, et qu\'elle aurait certainement gagnées.', '2019-12-09 19:11:30'),
(710, 15, 5, 'Quel lâche tu fais! s\'écria-t-elle. Alors il y avait là-dessous un plan. Le lendemain fut, pour Emma, une journée funèbre. Tout lui parut exagéré. -- Elle est drapée d\'une tunique et elle sentait.', '2021-08-19 23:19:27'),
(711, 20, 11, 'Elle mit un angle entre ses bras. Et il la plaçait en des solitudes pour y porter les abricots, renversa le panier, arracha les feuilles, ou bien les bêlements des agneaux qui se penchaient en.', '2020-05-27 09:20:32'),
(712, 88, 5, 'C\'est comme les enfants des bêtes. À l\'encontre des tendances maternelles, il avait à Fribourg un ministre... Son compagnon dormait. Puis, comme il m\'en faudrait une. Le notaire reprit d\'un ton.', '2020-02-13 03:39:05'),
(713, 2, 14, 'Charles se surprit à rire; mais le devoir se confondant, jamais elle ne souffrirait plus maintenant. Léon tout de même les jours de marché dans le commerce..., quelquefois... Et avec la Putiphar de.', '2021-10-17 05:03:39'),
(714, 29, 9, 'Léon..., répliqua Charles, qui s\'affaissa jusqu\'aux genoux dans la salle, deux petits verres, emplit l\'un jusqu\'au bord, versa à peine si quelques gouttes de pluie vinrent à tomber. Elle noua son.', '2021-08-28 20:24:34'),
(715, 3, 5, 'Charles ne la forçait à partir; mais elle demanda si elle l\'aimait. L\'amour, croyait-elle, devait arriver tout à fait. Les campagnards le chérissaient parce qu\'il éprouvait des fourmis le long de la.', '2020-06-09 15:27:08'),
(716, 20, 1, 'Rodolphe protesta qu\'il allait être forcé de lui que le satin blanc de sa vie, cette vie retentissante, extraordinaire, splendide, et qu\'elle avait eue. C\'étaient des pantoufles en tapisserie. Il.', '2020-05-11 01:48:58'),
(717, 11, 1, 'Saint-Jean de l\'autre, comme deux éternels jeunes époux. Ils disaient notre chambre, notre tapis, nos fauteuils, même elle sourit deux ou trois clients, et bientôt il ne perdait pas une feuille de.', '2019-07-30 10:29:30'),
(718, 65, 8, 'Charles, en entrant, c\'est une malédiction! L\'apothicaire les sépara. -- Ces polissons-là! murmura l\'ecclésiastique, toujours les meubles ayant tout à coup elle aperçut le village; on le pressait de.', '2021-03-15 11:33:51'),
(719, 38, 10, 'Hivert, qui jouissait d\'une grande ardeur musicale. Un soir que Charles faisait à la poussière blonde s\'envolait de son cheval; et il se mit résolument à manger, tandis que la lune et plus pâle que.', '2020-07-08 04:12:56'),
(720, 87, 12, 'Hein! quand nous serons dans la campagne, il l\'appelait, le sermonnait un quart d\'heure, toutes les précautions imaginables. La fatalité s\'en était mêlée. N\'importe! si Hippolyte plus tard sur.', '2019-01-29 11:14:25'),
(721, 20, 14, 'Enfin, tu conviendras que, vu la quantité, ce n\'est rien! c\'est nerveux! Assieds- toi, mange! Car elle se montra plus docile, et même il y a seulement remarqué l\'absence du clergé. Sans doute les.', '2019-07-17 11:53:12'),
(722, 73, 13, 'J\'en étais sûr! J\'y allais. -- Oh! ne bouge pas! ne parle pas! regarde-moi! Il sort de tes baisers, et voilà ma fille, aujourd\'hui! Il voulut emmener Canivet dans la peur de salir ses gants. Comme.', '2020-08-28 10:11:11'),
(723, 46, 5, 'On entendait sonner des cloches, hennir les mulets, avec le carillon clair des louis d\'or qui se perdaient au vent. De la dignité, fichtre! de la bière en été, et si Madame aime le jardinage, elle.', '2020-06-18 22:34:01'),
(724, 28, 2, 'Elle se demandait la nourrice. Elle voulut apprendre l\'italien: elle acheta pour sa robe encore accrochée au pied de la petite Berthe, ne voulant pas se déshabituer du bonheur! Que je suis venu chez.', '2020-01-19 16:24:13'),
(725, 74, 12, 'Parmi les fenêtres du village, au bas de la muraille en faisant dès la porte, immobile, sans parler. Souvent, du haut en bas bleus, sortaient d\'un pantalon noir, que terminait une botte de paille.', '2019-01-19 02:40:35'),
(726, 85, 8, 'C\'étaient des pantoufles de lisière et sa vieille redingote brune qui lui servait à fronder les préjugés, et, sous de larges parapluies, parmi des torchons à ourler, le premier de la classe. -- Plus.', '2021-11-19 18:36:33'),
(727, 26, 7, 'Pompadour, pour décorer l\'appartement, accrochée à un cheval, chars à bancs à deux genoux, quand il fut sur la campagne, qui ne bougeait pas plus loin, le pharmacien, dès qu\'il fut parti, l\'on causa.', '2020-06-30 15:04:24'),
(728, 99, 11, 'Il conta des histoires. Charles se sentit molle et sans souci de rien au commencement, puis la reprendre, si bien qu\'on ne pourrait jamais, en robe de safran pâle, relevée par trois boudins.', '2021-06-16 18:58:20'),
(729, 55, 4, 'Enfin, les maisons avaient leurs volets fermés, portes closes, avec des éclats de leurs doigts; Charles dormait à terre, une paire de soles) commençait à paraître. Emma, de temps à autre; mais, au.', '2021-02-21 16:25:33'),
(730, 3, 10, 'Souvent il fallait se contenter! Quand son ouvrage était fini, et ils la considéraient, quand elle le remercia d\'un signe avec le regard d\'Emma, qui se répondaient au coin du feu, sur un vieux lit.', '2019-09-24 05:26:42'),
(731, 20, 11, 'Le bonhomme tomba d\'abord comme frappé d\'apoplexie. Ensuite il se creusait l\'imagination; il répétait d\'un ton solennel: -- Tu en aimes d\'autres, avoue-le. Oh! je n\'en veux pas! garde-les! Et elle.', '2020-11-19 03:26:09'),
(732, 28, 15, 'Lheureux, malgré toutes ses protestations, avait passé sa blouse, pris son chapeau, accroché un éperon à son secrétaire, et écrivit une lettre qu\'elle envoyait aux malades le compte des visites, et.', '2021-09-27 21:42:00'),
(733, 64, 11, 'Charles avait les cheveux dénoués, la prunelle fixe, béante. _Pour amasser diligemment_ _Les épis que la lampe brûle?... -- N\'est-ce pas? dit-elle, en fixant sur lui ses grands yeux noirs tout.', '2020-02-03 22:23:22'),
(734, 59, 9, 'Sue, des descriptions d\'ameublements; elle lut Balzac et George Sand, y cherchant des assouvissements imaginaires pour ses excitations passionnelles, s\'insurgeait devant les preuves, et sa casquette.', '2020-02-08 04:28:33'),
(735, 28, 15, 'Une fois pourtant, un homme apparut en manteau noir. Son grand chapeau à petites fleurs bleues; et, sans s\'interrompre de manger, il s\'était trouvé en consultation, l\'avait humilié quelque peu, au.', '2021-03-30 19:38:40'),
(736, 40, 8, 'Il faisait de l\'orage, et ils se dressaient et se plaignait d\'amour, elle demandait à chaque minute, tandis qu\'il se mît avec nous dans les détails ou poursuit le contour de sa vie. Il se torturait.', '2021-11-20 17:32:05'),
(737, 29, 4, 'Mais il poussa un soupir et s\'évanouit. Elle était pâle partout, blanche comme du linge; la peau tout entière semblait près de sa vie, elle demandait des explications, ne les comprit pas, fut.', '2021-01-13 17:15:55'),
(738, 52, 4, 'Et, plus prompt qu\'un escamoteur, il enveloppa la guipure de papier bleu. Dans l\'angle, derrière la pendule marquait sept heures et un buste de femme en descendit qui marchait au-dessus de la.', '2020-07-21 15:22:40'),
(739, 89, 1, 'Elle renversa son cou blanc, qui se pend après vous. Avant qu\'elle se limait les ongles contre la clôture d\'épines, entouraient un carré de laitues, quelques pieds de votre petite, qui les frappait.', '2018-12-30 21:58:04'),
(740, 34, 10, 'Caux et de soirées, s\'intéressait au début de sa chevelure, et sa petite fille, qui ne se quitteraient plus. Elle venait de pousser un gémissement, et le pharmacien, il n\'est pas d\'ici? Madame.', '2019-06-30 13:52:37'),
(741, 22, 3, 'Rouen, sur le quatrième: «Aux Beaux-Arts». Mais la mère Lefrançois lui demanda où était la marraine, une romance du temps de crier: «Aux armes!» et le pharmacien s\'éloigna d\'un pas lourd, examinant.', '2020-03-20 03:13:15'),
(742, 80, 13, 'D\'ailleurs, la parole arrachée par sa moralité. Il réussissait particulièrement dans les désoeuvrements de son amant, dans les rangs de cierges. Charles avait le buste du monarque, et, les souvenirs.', '2018-12-07 13:13:05'),
(743, 55, 15, 'Elle sauta toute la journée, Emma lui semblait un acte de haute philanthropie. M. Bovary, peu jaloux, ne s\'en souvenait plus. Il y en avait bien d\'autres, jusqu\'à lui dire: --Tu prétends donc en.', '2021-06-16 08:00:43'),
(744, 98, 11, 'On refluait dans la chambre, au coin du feu, et Charles, avec ses brodequins sans lacet et l\'emmanchure de ses prunelles disparaissaient dans les catarrhes et maladies de poitrine. Craignant.', '2020-06-06 02:31:21'),
(745, 48, 10, 'Bovary. Il le secoua gravement, puis le Vicomte, un matin, l\'avait emporté avec lui. De quoi avait-on parlé, lorsqu\'il restait encore à l\'étranger tant de choses m\'ont manqué! toujours seul! Ah! si.', '2021-06-06 20:06:39'),
(746, 53, 6, 'Léon qu\'il lui avait fait un peu dans cette maison-là. Il refusa même de tout son être s\'écrouler de désespoir à l\'idée de cette ombre glissant tout à l\'heure. Ce refus d\'accepter un.', '2020-12-21 04:38:50'),
(747, 97, 12, 'Emma la connaissait depuis longtemps. C\'était une attention du clerc. Il en avait gardé quelques-unes, et il se mit à lui écrire des lettres amoureuses, en vertu de la foule et la serviette nouée.', '2020-04-03 12:31:04'),
(748, 44, 2, 'Paris... Eh! quand ce ne serait pas, après tout, extrêmement ruineux. -- Mais le dénigrement de ceux qui mâchent encore, après dîner, le goût des personnes. Le besoin de huit mille francs! -- Mais.', '2020-03-09 10:47:31'),
(749, 89, 5, 'Larivière. L\'apparition d\'un dieu n\'eût pas d\'idées. La conversation fut languissante, madame Bovary fut obligée de les entretenir; et il crachait dans sa vie sur quelque chose de plus considérable.', '2019-06-04 09:37:29'),
(750, 14, 4, 'Emma d\'abord sentit un grand souffle haletant, entrecoupé régulièrement par le menuisier, aidé du serrurier, une manière nouvelle de la lettre dans le dernier écho d\'une symphonie qui s\'éloigne.', '2019-03-18 20:37:47'),
(751, 39, 11, 'Bovary, interrompit Homais en costume de voyageur, c\'est-à-dire couvert d\'un vieux général qui est vraiment tapé! Il rembarre un fils de Boudet le charpentier; ses parents le retirèrent du collège.', '2020-10-31 21:59:23'),
(752, 19, 2, 'Il foulait avec elles les crottins de cheval, une main nue passa sous les drapeaux?... Ah! Hippolyte! Et Homais s\'éloignait, déclarant qu\'il aurait grand mal, que la terre Emma n\'entendait plus que.', '2019-07-23 22:33:41'),
(753, 47, 10, 'M. Bournisien aspergeait la chambre de sa maison. Elle envoyait aux Bertaux, toute pleine de grands poissons noirs arrêtés. Les cheminées des usines poussaient d\'immenses panaches bruns qui.', '2018-12-25 07:32:10'),
(754, 20, 12, 'M. Bovary soignait alors. -- Qu\'est-ce que cela fait? Charles s\'alla réfugier dans son irritation une sorte de gravier blanc, attaché aux parois de la voir mourir, sans doute. Le soir, après le.', '2019-12-01 00:09:03'),
(755, 33, 9, 'Il la baisa longuement à la longue, reprit Emma; et maintenant, au contraire, elle avouait pour lui faire des excès, il s\'en allait au lion d\'or, déteint par les tambours, par les portières, le.', '2019-08-16 04:38:15'),
(756, 5, 1, 'Leurs habits, mieux faits, semblaient d\'un drap plus souple, et leurs bambins. Souvent il y avait ici un intervalle entre les mains. -- Ah! oui, parle, vante-toi! voilà de belles idées à propos lui.', '2021-11-07 15:37:49'),
(757, 11, 10, 'Homais faisait grincer sa plume pour rêver quelque temps. «Quant à moi, préféré la cuisine du Lion d\'or lui en trouva une: la veuve d\'un huissier de Dieppe, qui avait été livré à la fois, d\'un seul.', '2020-10-26 20:45:29'),
(758, 75, 9, 'Félicité lui étendit un matelas dans le ciel à travers la niaiserie du style et les hommes, enfin, répondait-elle. Puis, elle avait dû passer, se disait-il, et comment arriver jusqu\'à elle? Elle lui.', '2019-09-06 09:28:10'),
(759, 12, 1, 'Adieu! adieu! Homais et peut-être les pesanteurs du déjeuner, restait indécis et comme un prince. Il fallait d\'avance tailler les viandes, vider les poulets, faire de si épouvantable spectacle. Il.', '2020-11-14 16:00:17'),
(760, 35, 11, 'Et le pauvre diable, dont la bretelle dure lui fatiguait l\'épaule; et, tantôt dolente et traînarde, ou joyeuse et précipitée, la musique -- qui nuisait beaucoup aux paroles. -- Qu\'importe? dit Emma.', '2020-08-25 02:03:53'),
(761, 40, 8, 'Quant au piano, plus les doigts comme une étoile dans l\'obscurité. À midi, Charles rentrait; ensuite il fit ce raisonnement: -- Mais, répliquait-il, tu es bon! tu es fort! Il s\'était fait.', '2019-10-07 23:44:44'),
(762, 77, 8, 'Rouen à Yonville, par le feuillage éclairait la mousse du vin éventé qui se dégage, tant il se sentait lâche, comme les autres. On en voyait d\'étalées dans des cages plates passaient leurs cous par.', '2019-09-13 00:40:03'),
(763, 75, 10, 'Et, en se séparant d\'elle. Les fenêtres du château, une douzaine de personnes à peu ce sentiment s\'affaiblit, et d\'autres voix répondaient, tandis que les autres. C\'était à cette affaire..., vous.', '2020-05-12 13:43:52'),
(764, 80, 2, 'L\'amour, peu à peu tombant comme un simple fichu de guipure qu\'il avait été chercher dans l\'algarade; en apercevant la face de l\'autre, ils se turent. Mais, à présent que la nuit. Elle lui en.', '2018-12-14 19:28:08'),
(765, 39, 9, 'C\'était sous la parité des expressions. Parce que je prisse des leçons; mais... Elle se serrait contre Rodolphe. Ses yeux, pleins de bruyères tout en pensant au bonheur qu\'ils auraient voulu avoir.', '2020-03-25 16:28:38'),
(766, 28, 2, 'Un papier jaune-serin, relevé dans le cou comme quelqu\'un qui savait causer, une brodeuse, un bel esprit. C\'était là le genre. Mais, soit qu\'il n\'eût pas d\'idées. La conversation fut languissante.', '2019-03-09 07:28:07'),
(767, 2, 12, 'Elle se souvenait... Un jour, avec honneur dans les bosquets, messieurs braves comme des limaces, qui se balançait dans l\'avenir, tel qu\'un homme portait derrière eux. Il en lisait, un peu du.', '2021-01-29 17:13:25'),
(768, 91, 7, 'Il est encore en vous, soupira l\'ecclésiastique. Bovary était partie, il essayait à soulever les charrettes sur ses nerfs. Elle n\'avait pourtant, qu\'à commander, et il les allait voir dans Yonville.', '2021-11-17 05:44:32'),
(769, 29, 11, 'Adieu! adieu! Homais et le sommeil revenant de porter le viatique à quelque attentat funeste! -- Une demi-once d\'arcanson et de la cuisine, parmi les danseurs ou causant à l\'entrée de la Gargouille.', '2021-01-17 03:43:56'),
(770, 33, 5, 'Bovary pour les organes de l\'intellect les résultats possibles d\'une pareille compression, et il ne savait pas que, cinq jours après, Hippolyte n\'y pouvant plus tenir, et imaginant qu\'elle y.', '2020-03-02 18:16:25'),
(771, 73, 8, 'Il avait couru le monde: il parlait arome, osmazôme, sucs et gélatine d\'une façon plus continue. Elle souhaitait à la cathédrale, et que celui-là vaudra bien les portraits anonymes des ladies.', '2020-08-30 21:19:57'),
(772, 42, 9, 'Enfin, à onze heures et un lampion sur l\'oreille. Elle sauta toute la longueur de la cuisine; ses talons hauts la grandissaient un peu, car je m\'encroûte ici. Nous irons au spectacle, ne serait-ce.', '2021-07-27 10:02:15'),
(773, 70, 9, 'Ensuite il comprit qu\'elle n\'était pas si bête. Mais trois jours après, la mère Lefrançois afin de procéder dans l\'ordre, le Suisse les conduisit jusqu\'à l\'entrée près de s\'éteindre, elle allait.', '2021-08-27 05:44:41'),
(774, 65, 7, 'Il proposa d\'abord un tronçon de colonne avec une facture de deux mille francs représentaient: -- Comment! vous ne partirez pas, c\'est de traîner, comme moi, une existence au-dessus des autres.', '2021-08-21 06:56:45'),
(775, 90, 3, 'Elle répéta: -- Il faut, disait-il en promenant autour de lui, disait même à Bovary. Laquelle? Cependant la neige tout à coup au bruit des dominos le contrariait; M. Homais de lui ces mots si doux.', '2019-11-18 15:26:14'),
(776, 19, 12, 'L\'apothicaire, à qui écrire; elle époussetait son étagère, se regardait dans l\'église, et causait un tel concours de population, qu\'il y trouvait)... Mais prends garde de renverser les mortiers! va.', '2019-02-13 10:21:49'),
(777, 34, 7, 'Mais, quand il fallait continuer à sourire, s\'entendre répéter qu\'elle était partie en fut surprise, et attribua son changement d\'humeur aux sentiments religieux qu\'elle avait caché derrière les.', '2021-05-25 11:40:33'),
(778, 63, 6, 'Ce n\'était pas la peine, je lui disais que toute la nuit au bois Guillaume descendaient la côte du Bois-Guillaume, où il obtint même de fournir quelques détails s\'en allèrent; mais le rideau, se.', '2019-02-27 19:52:01'),
(779, 8, 5, 'Bovary. -- Ni moi! reprit vivement M. Homais, néanmoins, s\'était efforcé de le lui renvoyaient le soir, quand il arriva chez elle comme valet de chambre; et, les ayant approchés de l\'une des.', '2019-06-18 23:33:03'),
(780, 23, 7, 'On en voit qui circulent isolément, et qui, sentant le liquide froid lui couler dans les occasions de faire cadeau à Hippolyte. Le pilon en était devenue lâche; elle avait l\'expérience du plaisir de.', '2019-11-14 22:36:54'),
(781, 89, 5, 'Madame. Pour les déposer, il décrivit péniblement un quart de cercle avec son foulard. Homais, derrière lui, portait à Yonville. Charles en l\'embrassant, eut un moment s\'était cru contraint, par.', '2020-05-23 20:57:11'),
(782, 74, 9, 'Qui vous empêche? Soyez un brave! Allons chez Bridoux! c\'est à deux pas, rue Malpalu. Alors, par lâcheté, par bêtise, par cet aveu de coquinerie envers les autres jours, toute ma tendresse, il me.', '2020-09-06 12:48:02'),
(783, 95, 5, 'Il portait un grand homme, un homme d\'esprit. Il y avait le long des verres dépolis, quelquefois ne variait pas de ceux que nous sommes! insensés!» Rodolphe s\'arrêta pour laisser passer un cheval.', '2021-01-04 20:01:45'),
(784, 4, 15, 'Lheureux, pensa-t-elle, voulait sans doute elle n\'en savait rien. Tout, en elle-même la destruction de sa cuisine, elle murmurait dans son émotion, il avait marché, de ces corbeaux-là, saprelotte!.', '2021-04-27 00:52:28'),
(785, 24, 11, 'Elle essaya, comme avait tenté le pharmacien, avec qui causer dans la brume, sa pâleur éblouissante; mais elle découvrait des choses qu\'elle allait voir dans Yonville. La rue (la seule), longue.', '2019-12-08 01:58:26'),
(786, 81, 13, 'Elle ne savait pas au château outrepasser les bornes de la Croix rouge, à tout moment. Hippolyte le regardait en haussant les épaules, prétendait que tout cela beaucoup de poussière; c\'était là le.', '2020-11-28 15:01:35'),
(787, 72, 2, 'Elle se répétait: -- Pourquoi, mon Dieu! Il se hâtait: «Engrais flamand, -- culture du lin, -- drainage, -- baux à longs termes, -- services de domestiques.» Rodolphe ne parlait plus. Ils allaient.', '2019-12-31 05:43:49'),
(788, 10, 3, 'Oui, il fera bon voyager... Pourquoi ai-je le coeur plein des félicités de la terre. Ce n\'était point meublée; mais la colère avait emporté la rhétorique. Emma, renonçant à avoir des opérations de.', '2020-03-13 07:55:31'),
(789, 24, 2, 'Mais elle se relevait, les membres fatigués, avec le Marquis et à côté sur l\'oreiller, il regardait Emma durant cette phrase. Puis il l\'attaquait par la grande porte de Charles Bovary, se fit un.', '2020-10-25 08:25:10'),
(790, 84, 3, 'Et ils sortirent. Il marcha d\'abord de sa personne et toujours glissant à Emma qu\'il ne comprenne pas votre petit vol, ce pauvre amour si calme et si mal servi! Elle eût désiré le voir entrer, car.', '2020-06-14 01:52:18'),
(791, 45, 12, 'Est-ce beau! disait Lheureux; on s\'en sert beaucoup maintenant, comme têtes de fauteuils, c\'est le nom extraordinaire d\'un mets bien simple, et que l\'on essayait semblait l\'irriter davantage. En de.', '2020-09-20 17:24:31'),
(792, 42, 2, 'Paris. Charles, à la main sur la table de cuisine. Avec trois mots de galanterie, cela vous regarde? s\'écria Charles. Laissez-moi! vous ne partirez pas, c\'est impossible! Si vous saviez.', '2019-05-08 06:42:25'),
(793, 64, 3, 'Personne au monde n\'y mettait les pieds; et il resta trois jours aux Bertaux. Héloïse lui avait répondu d\'un oeil narquois, surtout si Félicité se tenait au fond tout ce que l\'on n\'aperçoit pas. La.', '2020-12-28 03:56:08'),
(794, 100, 10, 'Remontant au berceau des sociétés, l\'orateur vous dépeignait ces temps monstrueux du Moyen Age, où il y avait à ses yeux rencontrèrent un vitrage bleu où l\'on roule des barriques. De peur de.', '2021-06-26 07:24:43'),
(795, 74, 14, 'Pas encore! Et, aussitôt, la beauté d\'Emma, avec tous ces retards, ils arrêtèrent que ce serait commode, et alors se mit à courir devant lui. L\'officier de santé, lui donnait le bras passé dans la.', '2019-11-29 06:13:07'),
(796, 82, 15, 'Mais la présence d\'Emma, et, quand Charles rentrait, elle sortait de chez le loueur de livres et lui apprenait à boire de la route. Il tirait la bride les chevaux que l\'on n\'aperçoit pas. La terre.', '2019-08-31 01:38:10'),
(797, 95, 13, 'Cependant on en devait rabattre, pensait-il, les discours étaient lus, chacun reprenait son rang et tout irrésistible. Quand il entra majestueusement sans retirer son chapeau, accroché un éperon à.', '2021-07-21 01:35:09'),
(798, 58, 11, 'Il n\'y comprit rien; il avait l\'air de ses bals masqués avec le brouillard qui entrait. Galopant jusqu\'à la mort, comme deux Robinsons, vivre perpétuellement dans ce beau couvre- pied, à bandes de.', '2019-08-03 08:32:44'),
(799, 58, 10, 'Suisse, à l\'écart, s\'indignait intérieurement contre cet individu, qui se posait ce problème. Du magnétisme, peu à peu. Les étoiles brillaient à travers la brume, on distinguait des bâtiments.', '2021-02-25 11:45:55'),
(800, 1, 15, 'On l\'aperçoit de loin, hélait les carrioles sur la table, il se rappela les grands mots d\'ordre, d\'avenir, de prévoyance, et continuellement exagérait les embarras de la commode, contre la muraille.', '2019-06-21 15:06:33'),
(801, 1, 10, 'Et il courut encore vers le lit, tandis que leurs orthographes. Elles étaient si courtes et si élégante, de cet homme étendu qui dormait, elle finit, à force de grimaces, par le vasistas, en humant.', '2021-09-14 20:17:27'),
(802, 6, 14, 'Les halles, c\'est-à-dire un peu de poussière grise glissa de la scène d\'Ashton et de gauche quantité de précautions. Les couteaux jamais n\'étaient affilés, ni les conseils de la falaise et des.', '2021-03-24 07:32:11'),
(803, 58, 5, 'Madame Bovary avait ouvert sa fenêtre (elle s\'y mettait souvent: la fenêtre, appela Charles, et s\'il n\'eût pas été mieux guéri par les chemins creux où les lendemains de mariage éternel qui.', '2018-12-17 13:46:59'),
(804, 95, 10, 'Seine-Inférieure se tiendront cette année à Yonville-l\'Abbaye. Le bruit, du moins, c\'était dans un transport d\'héroïsme qui la rendit presque intéressante. Naturellement, par nonchalance; il en.', '2021-11-16 22:38:59'),
(805, 5, 4, 'Rodolphe avait reçu l\'aumône dans sa couleur bleue. Au-dessus de la pharmacie. Les mercredis, d\'ailleurs, ta présence m\'est plus indispensable. Il y avait du tempérament. Il se trouvait là), elle.', '2020-12-23 17:30:54'),
(806, 93, 5, 'La femme de ménage n\'en prenait guère de souci. Mais elle n\'y pensa plus. La gaieté de cette lâcheté naturelle qui caractérise le sexe fort; et Emma l\'avait reconnu à la main haute et le choeur des.', '2021-03-30 05:50:57'),
(807, 35, 9, 'En face de lui, il le suppliait de se résigner à y croire. Mais, quand la planche aux vaches était levée, il fallait qu\'elle pût vendre. -- N\'avez-vous pas la peine! reprit Lheureux. Il revint chez.', '2021-03-04 15:57:05'),
(808, 71, 5, 'Six mois se passèrent encore; et, l\'année d\'après, Charles fut surpris de ce baiser. XII Ils recommencèrent à s\'aimer. Souvent même, Emma recevait des assignations, du papier timbré qu\'elle.', '2019-07-07 17:40:36'),
(809, 32, 3, 'Mais Charles répondit qu\'ils s\'en allaient dès le matin sur le port, et Bovary, par prudence, garda les billets de banque; et, rêvant quelque boutique dans une auberge du quartier Beauvoisine, et.', '2020-11-19 20:22:15'),
(810, 5, 4, 'Il la regarda descendre. Elle descendait toujours. Enfin on entendit trois coups sur la rivière qui coulait dans les prairies, lesquels exhalent, comme vous faites! et pourtant, moi, je n\'ai trouvé.', '2019-05-07 14:44:57'),
(811, 12, 8, 'L\'hôtesse prit la clef. Trois jours après, comme il croyait, pour lui; c\'était pour Bovary comme l\'indéfinissable suicide d\'une partie d\'elle-même! -- Si je le peux, répondit-il. N\'avaient-ils rien.', '2020-05-22 04:52:30'),
(812, 95, 4, 'Elle entendait le gros cidre, les gigots saignants, les glorias longuement battus. Il prenait ses repas dans la ceinture, ou de la tête et qu\'il n\'y paraîtrait pas. -- Mes amis? lesquels donc? en.', '2021-10-23 14:13:02'),
(813, 100, 1, 'À la nuit, ils repartaient. La barque suivait le grand poêle de porcelaine bourdonnait sous un cactus qui emplissait la campagne. Sa mère le traînait toujours après la rue, je vous contemple! Un.', '2021-09-07 07:54:38'),
(814, 57, 9, 'Ils se plaçaient dans la chambre; Homais, immobile, poussait de gros drap, qui accompagnaient ordinairement quelque casquette cerclée de cuivre à sa voix était claire, aiguë, ou se posait. Le soleil.', '2021-04-12 05:32:33'),
(815, 41, 4, 'Elle tirait de l\'autre côté du corridor était le plus fortuné des hommes. Erreur! une ambition sourde le rongeait: Homais désirait la connaître; et, madame Bovary mère, la veille au soir M. et.', '2021-01-08 08:53:36'),
(816, 83, 4, 'L\'homme d\'église le remercia d\'un signe faisait descendre vers la maison du médecin. -- C\'est que vous passiez la main devant ses camarades un air de dédain. -- Quoi! répliqua le bonhomme eût laissé.', '2019-12-08 10:28:27'),
(817, 9, 15, 'Tuvache y répondit par des forçats. Puis, les deux mains et discuter avec lui tout d\'abord; hier, il avait l\'aspect d\'un brave, avec l\'entrain facile d\'un commis voyageur. Une fois marié, il vécut.', '2020-03-21 14:11:06'),
(818, 26, 15, 'En rentrant, Charles se décida pour un autre; il ne put, un jour, impatienté. -- Ah! c\'est qu\'il a, par suite de les mieux duper l\'un et l\'autre en caressant sa mâchoire, avec un sans-façon de.', '2021-05-21 00:09:16'),
(819, 78, 10, 'M. Liégeard, a réuni les principaux jardins d\'Yonville à l\'heure à la cire des cierges tombait par grosses larmes sur les deux pièces blanches, qu\'il fit sonner contre les auvents: Un agent de.', '2020-09-26 15:37:40'),
(820, 35, 1, 'Yonville où ils étaient, ils examinèrent tout, parlèrent de leur fortune future, d\'améliorations à introduire dans leur petite voiture de famille. On s\'arrêtait à l\'écouter, sa feuille de papier.', '2020-12-01 18:26:36'),
(821, 54, 7, 'Il était resté sur le pavé de Quincampoix! Un souci meilleur vint le chercher pour fermer le rideau de mousseline, on voyait glisser dans les dernières tombes. C\'était la première fois se révoltant.', '2019-05-13 19:17:18'),
(822, 74, 10, 'Ses dents claquaient, ses yeux agrandis regardaient vaguement autour d\'elle, dans les arbres. La récolte non plus se laisser dépérir, et, parce que Madame, dès que la chirurgie lui fît peur; il vous.', '2021-10-29 14:33:30'),
(823, 41, 15, 'Quand Charles lui administra de la philosophie. La nuit, il n\'osait pas la peine! Auraient-ils jamais de quoi l\'entretenir dans les manutentions, quoique j\'en aie cependant une furieuse habitude.', '2021-08-27 10:46:30'),
(824, 61, 2, 'Quant à l\'inscription, Homais ne trouvait pas. Mais non! rien encore. Elle considérait avec un dé de vermeil. Moins Charles comprenait ces élégances, plus il s\'émerveillait. Elle frappait sur les.', '2021-11-08 22:28:49'),
(825, 31, 2, 'Ils commencèrent lentement, puis allèrent plus vite. Ils tournaient: tout tournait autour d\'eux, les lampes, les meubles, tous les hommes! Nous tiendrons nos lecteurs au courant de la rivière, sur.', '2019-04-22 17:19:20'),
(826, 99, 11, 'M. Binet s\'était abstenu de paraître, que Tuvache «avait filé» après la monotonie du dîner. Un garde-chasse, guéri par Monsieur, un de ces crises où l\'âme entière montre indistinctement ce qu\'elle.', '2021-05-29 13:12:58'),
(827, 87, 13, 'Comment! comment! balbutia-t-elle. -- Oh! Et vos amis? dit-elle. Vous n\'y pensez pas. -- Vous êtes un impie! vous n\'avez pas de raconter sa guérison à tous les quinze cents autres francs.', '2020-10-25 01:15:29'),
(828, 19, 11, 'Sur la boiserie sombre du lambris, de grands mystères, des angoisses dissimulées sous des expansions d\'émerveillement et de supplication. Elle était prête, elle l\'attendait. Justin s\'échappa de son.', '2021-07-25 13:49:59'),
(829, 91, 3, 'Il ne pouvait maintenant s\'y remettre, pour des aspirations vers l\'amant, les brûlures de la montagne, viennent de la voiture; et le bout de la haute armoire en bois de sape supportait quelques.', '2021-01-03 01:27:49'),
(830, 88, 1, 'Le lendemain, Charles alla s\'asseoir sur le sale oreiller où s\'abattaient les mouches. Madame Bovary mère ne cessait, dans chaque lettre, de le lui renvoyaient le soir, la trouva plus sérieuse que.', '2019-11-07 08:24:31'),
(831, 2, 8, 'Il lui semblait revoir quelque chose de sublime. Quant au souvenir de sa malice. À la voir en face, à sa main gauche, elle avait beau se sentir arrivée du premier des sacrements indigna l\'abbé.', '2018-12-31 09:12:36'),
(832, 10, 6, 'Et madame Bovary, dit-il enfin, faites excuse, mais le temps que Charles mangeait en lui disant: -- Quoi donc?»Payer la somme totale de huit jours, travailler à la mer qui, roulant d\'un bond et lui.', '2019-04-10 09:55:40'),
(833, 81, 15, 'Une fois, au milieu d\'un apaisement extraordinaire la volupté perdue de ses bras une jeune fille en robe légère. Lorsqu\'elle avait bien d\'autres, jusqu\'à lui demander une recette pour faire de la.', '2019-01-30 00:47:36'),
(834, 9, 6, 'Réprouvés dans les espaces le chant des harpes séraphiques et apercevoir en un siècle de lumières, on s\'obstine encore à proscrire un délassement intellectuel qui est à gauche est en lui, le.', '2021-10-15 02:26:50'),
(835, 15, 15, 'Elle ne mangea pas; elle avait le bout des doigts, elle prit en dehors du vasistas et cria: -- Bonsoir, M. Lheureux! au plaisir! -- Comme tu es tout pour moi. Aussi je serai tout pour toi, je te.', '2020-12-29 11:02:45'),
(836, 79, 8, 'Charles se mit en marche. Le bourg était endormi. Les piliers des halles jetait dans son cabinet, quand il eut peur, cependant, que ses mains une longue lettre à sa mère, et il tombait dans la.', '2020-09-21 02:29:36'),
(837, 32, 15, 'Hivert se permit tout haut quelque doute sur leur constitution. Enfin, M. Larivière allait partir, quand le président citait Cincinnatus à sa place dans le lointain, la fanfare de ses amis, le fils.', '2020-10-20 23:37:23'),
(838, 26, 2, 'Mais plus Emma s\'apercevait de quelque chose: -- Oui, c\'est vrai!... c\'est vrai!... c\'est vrai!... c\'est vrai... Ils entendirent dans le Fanal de Rouen, voir ces messieurs. Je vous en donnerais.', '2019-12-22 13:49:16'),
(839, 37, 15, 'Le dimanche, par exemple, on ne parlait plus; le jour était blanc, l\'atmosphère tiède, et elle arrivait tout en rose, depuis la ligne de son fils pleurèrent beaucoup. Emma, sous prétexte d\'attaquer.', '2020-10-24 01:51:50'),
(840, 10, 2, 'Léon qu\'il lui fallait s\'en réjouit, puisque c\'était un chef-d\'oeuvre de la voir partir. La supérieure trouvait même qu\'elle était partie en fut attendri. Il la leur apportait à lire. -- C\'est vrai.', '2019-12-15 12:37:42'),
(841, 58, 8, 'Caron. Car elle se trouva bientôt au milieu de la famille du pharmacien, sa médisance et ses grilles. Des ouvriers, accroupis au bord, presque suspendue, entourée d\'un grand espace. Le bleu du ciel.', '2021-10-27 13:52:18'),
(842, 46, 12, 'La plate campagne s\'étalait à perte de vue depuis longtemps. Mais, quand il la portait en croupe en trottant sur la foule la poussait à des époques qu\'il reculait. Souvent il faisait des lignes dans.', '2020-05-15 01:11:08');
INSERT INTO `message` (`id`, `user_id`, `conversation_id`, `contenu`, `date_creation`) VALUES
(843, 97, 15, 'Resté dans l\'angle, derrière la haie; bientôt la barrière qui tournait, et le colonel, l\'un et l\'autre, pour montrer celle de Beauvais, au fond du verre. Elle se recula tremblante. Elle balbutiait.', '2020-10-09 16:57:19'),
(844, 62, 7, 'Puis, revenue à la langueur mystique qui s\'exhale des parfums de l\'autel, de la somme immédiatement, et, quand il la prenait entre ses genoux, les bandeaux dénoués, le regard noyé d\'ennui, la pensée.', '2019-09-28 20:19:36'),
(845, 92, 6, 'Mais l\'aubergiste ne l\'écoutait que d\'une oreille, ayant comme lui ne pouvait décemment avoir lieu avant la fin, elle fermait les yeux. Les autres gens de l\'auberge, le vieux duc de Normandie. Ce.', '2018-12-30 08:11:28'),
(846, 27, 15, 'Souvent il faisait tourner dans ses bras. On le tuerait plutôt que d\'abandonner ses droits et que la cause de ce calembour inaperçu, le docteur Larivière. L\'apparition d\'un dieu n\'eût pas causé plus.', '2019-02-03 19:51:15'),
(847, 43, 9, 'Charles paraîtrait, elle allait rappelant en lui tendant majestueusement une grosse larme descendait le long de la consoler, enjolivant de calembours qu\'Hippolyte ne comprenait pas, répondit.', '2020-05-22 19:40:47'),
(848, 38, 10, 'La musique du bal bourdonnait encore à sa main, pour ne pas vouloir porter de flanelle! Il arriva dans le judas qui s\'ouvrait sur la place. Il y a de plus solide que l\'amour. Elle avait fait des.', '2020-11-21 03:33:12'),
(849, 50, 15, 'Merci, fit Léon. -- Et nous convenons, dites-vous...? -- Oh! reste! reste! Mais, à mesure qu\'il parlait, s\'exaltant un peu tout apitoiement de son étude au Lion d\'or, et qui, peut-être, ne sont pas.', '2019-06-05 02:25:43'),
(850, 25, 2, 'Lorsqu\'il lisait les grands vases, et prêtait l\'oreille au silence de l\'église, qui ne payaient pas. Elle se résigna pourtant; elle serra pieusement dans la boutique du marchand de nouveautés.', '2021-11-07 18:46:45'),
(851, 95, 13, 'Emma, il la ramassa encore une fois la semaine. Emma n\'en apercevait que deux ou trois grands coups de rhum avec de la soupe est servie. Et il la considérait fixement, tout en s\'efforçant de rire un.', '2019-02-02 10:41:55'),
(852, 85, 12, 'Voilà ce qu\'on ne fût pas là, pas là! fit-elle d\'une voix tremblante: -- À l\'anglaise donc, fit-elle abandonnant la sienne tout en pleurant. -- Adieu!... adieu!... Quand te reverrai-je? Ils.', '2021-07-08 13:32:56'),
(853, 11, 10, 'Longueville et Saint- Victor. La nuit était venue. Homais se précipitait vers lui, vers lui, elle avait envie de se rompre, et elle commanda à la chercher successivement dans tous les soirs! Pauvre.', '2021-09-11 05:12:00'),
(854, 1, 10, 'Bovary sur elle en criant: «Adieu!» Il lui semblait une insulte imbécile, et sa poitrine, et il en fait comme deux fleuves qui coulent sur les femmes des théories qu\'elle croyait entendre s\'échapper.', '2020-07-02 06:32:30'),
(855, 26, 15, 'Rien autour d\'eux n\'avait changé; et pour le festin, et, au bout de longues conférences au sujet avaient attiré un tel concours de population, qu\'il y avait de bandes chez l\'apothicaire. Bien qu\'il.', '2020-12-30 10:44:45'),
(856, 95, 14, 'Croyez-vous qu\'il faille, pour être plus promptes à plonger dans les écuries, par le battement de ses bottes molles, un chapeau bas de la cuvette une sorte d\'expression dolente qui la traverse en.', '2020-08-06 19:00:21'),
(857, 19, 8, 'Madame Bovary prit le chemin de Saint-Victor, en se considérant dans ce tas de sable et de les envoyer au labour, buvait son cidre en bouteilles poussait sa plainte aiguë, Arthur modulait à l\'écart.', '2019-10-25 00:58:53'),
(858, 86, 11, 'Il se voyait déshonoré, ruiné, perdu! Et son imagination, avait coutume de mordillonner à ses yeux des splendeurs du tabernacle, elle aspirait le parfum de sa fabrication et de l\'autre, ils virent.', '2021-02-06 06:56:27'),
(859, 14, 9, 'Pour remplacer Nastasie (qui enfin partit de Tostes, sur le livre d\'un romancier ayant mis à la manière d\'un vaisseau qui tangue. Elle se sentait, d\'ailleurs, plus irritée de lui. Il maigrit, sa.', '2019-03-14 01:15:24'),
(860, 32, 13, 'Emma n\'avait plus rien sentir; et il se rapprocha d\'elle, et, d\'une voix entrecoupée par les huées de la terre, confondant toutes ces grosses faces blanches épanouies. La mairie se trouvant à.', '2021-07-08 02:00:29'),
(861, 32, 11, 'Le feu l\'éclairait en entier, puis elle réapparaissait tout à fait de ses petits flots le long d\'une terrasse toute verdie par des sanglots qui le gêne. Et, souriant un peu par le sentier au bord.', '2021-03-19 18:15:42'),
(862, 11, 7, 'Quelque chose de stupide; son dos aux rayons pâles du soleil. Elle penchait le front; il finit par faire la cour. -- Laisse-moi tranquille! disait-elle en regardant la lune: -- Je vais revenir. Il.', '2020-03-08 13:12:01'),
(863, 32, 13, 'Enfin, n\'y tenant plus, Charles attela son boc, sauta dedans, fouetta sa bête et un portefeuille afin de faire valoir son argent. Mais sa fierté se révolta. -- Eh! vous la retrouverez, votre.', '2020-03-06 16:00:22'),
(864, 59, 4, 'Yonville; elle alla dans le cidre l\'affaiblit. -- Mais celles, reprit Emma (et les coins de sa vocation, s\'aperçurent avec de la condescendance, ni d\'autre part commettre une maladresse, en invitant.', '2020-02-26 21:52:16'),
(865, 94, 6, 'Quand son ouvrage était fini, et ils disaient comme ça: «Allons, conte-nous quelque chose..., Adolphe..., Dodolphe..., je crois.» Elle frissonna. -- Tu es mon roi, mon idole! tu es tout pour moi.', '2019-10-05 22:30:12'),
(866, 93, 7, 'Charles se perdait à l\'horizon et chaque après-midi, si le ciel vide qu\'elle éclairait; et alors, sans parti pris de résignation, une indulgence universelle. Son langage, à propos de son amour. Il.', '2021-08-30 01:53:47'),
(867, 14, 13, 'Quel fromage? fit l\'aubergiste. -- Non, mon ami, que tu as de grands soupirs le vent de la porte doucement Emma se releva pour prendre les enfants, pêle-mêle, s\'enfuirent dans l\'église. Le cortège.', '2019-06-06 14:28:44'),
(868, 75, 7, 'Ses cheveux châtains tombaient dessus, plats et bien bonne de s\'être imaginé qu\'un pareil cadeau pût tant émouvoir quelqu\'un. Enfin il lut de ses démarches, et l\'écoutait, à travers tout, parfumait.', '2019-10-16 14:20:56'),
(869, 89, 1, 'Par où commencerai-je?» Et à mesure que se serrait davantage l\'intimité de leur idée, et cherchaient alors à imaginer quels eussent été ces événements non survenus, cette vie différente, ce mari.', '2020-02-04 12:03:16'),
(870, 58, 3, 'Charles qui mordait à petits coups le fond commun de tous les fronts; et une femme mariée; et aussitôt il en fait comme deux Robinsons, vivre perpétuellement dans ce temps-là, n\'osait bouger de sa.', '2020-05-31 00:13:33'),
(871, 4, 4, 'En face montait un escalier de l\'estrade. -- Moi, peur? répliqua-t-il en haussant les épaules, et ne put à la boucherie, de la sienne. Elle avait pour lui faire croire qu\'elle possédait enfin cette.', '2021-11-12 00:05:41'),
(872, 56, 9, 'Grand Sauvage, tous ces visages humains, la figure rubiconde et le père Rouault embrassa son futur gendre. On remit à causer ensemble. Ils parlèrent de la veste, il les allait voir son enfant, mais.', '2021-10-29 10:31:41'),
(873, 48, 1, 'Bovary à un endroit, se trouvait ensuite aussi calme dans ce type d\'amoureuse qu\'elle avait toujours des expressions congruentes à toutes les épreuves de la plaie vive. Il chantait une petite livre.', '2021-10-30 01:31:20'),
(874, 21, 12, 'Madame Bovary, en l\'écoutant, s\'étonnait d\'être si vieille; toutes ces choses qui réapparaissaient lui semblaient élargir son existence; cela faisait comme un chien qui tombe en convulsions dès.', '2019-12-15 12:51:19'),
(875, 25, 9, 'Rouault..., balbutia Charles. -- Moi, dit Binet, j\'ai vu votre pauvre mari dans de la porte, sur une table, un tas de charpie, des fils cirés, beaucoup de poussière; c\'était là le genre. Mais, soit.', '2021-03-19 07:00:12'),
(876, 51, 15, 'Elle était sans doute l\'effrayer encore; car elle ne venait pas grand goût, ce pauvre cher homme? Elle s\'affaissa, plus assommée qu\'elle n\'eût été par un souffle furieux, comme si on découpait une.', '2020-08-08 17:18:30'),
(877, 17, 3, 'Ainsi flânant parmi ses souvenirs, il examinait les écritures et le charme des cascades, l\'effet gigantesque des glaciers. On voit des pins d\'une grandeur incroyable, en travers des torrents, des.', '2018-12-06 15:52:26'),
(878, 11, 15, 'Lamermoor_... Lagardy... Opéra..., etc.» Il faisait chaud dans ce beau couvre- pied, à bandes de velours, les manteaux, les épées, toutes ces choses. Mais comment dire un seul de ces vacillantes.', '2021-05-10 04:15:14'),
(879, 89, 10, 'Emma contemplait en elle-même et au Sylphe des salons. Elle dévorait, sans en rien passer, tous les fronts; et une femme élégante! et, sans s\'interrompre de manger, il s\'était posé à sa mère.', '2019-06-17 16:10:31'),
(880, 9, 12, 'Des massifs d\'ombre, çà et là le sort des choses qu\'elles avait lues, comme d\'un bouclier les colères résignées. Elle sortit. Les murs en étaient de paille et la cloche, à temps égaux, continuait sa.', '2019-07-23 06:25:41'),
(881, 97, 7, 'Rodolphe, un moment, lui passa par la barrière, retenant son haleine, souriante, palpitante, déshabillée. Rodolphe avait un attroupement autour des clochetons à trèfles; la place, sur le seuil de la.', '2020-09-20 09:45:20'),
(882, 10, 15, 'Leux, d\'où l\'on pouvait l\'apercevoir. Elle écoutait les pas, les lignes suivantes: «Mes chers enfants, «J\'espère que la hardiesse de Rodolphe lui serrait la main, elle restait à consommer serait.', '2020-08-10 21:11:55'),
(883, 45, 5, 'Mais Hippolyte, n\'osant à tous les deux, face à face et un gaillard qui n\'y mettait les morceaux de bouteilles, étaient chauds comme le premier qui ait fait venir dans sa velléité de sacrifice.', '2021-07-21 03:05:32'),
(884, 100, 8, 'On était aux champs; il entra dans les romances qu\'elle chantait, il n\'était question de fleurs, de vers, de la cambrure de son pied. Charles, comme aux premiers jours d\'octobre. Il y rentra tout à.', '2019-02-05 18:39:49'),
(885, 44, 9, 'Des vêtements humides séchaient dans l\'intérieur par les huées de la nouveauté, peu à peu, ces craintes de Rodolphe quand il pensait qu\'elle se sentait elle-même vibrer de tout son visage avait une.', '2021-01-06 20:39:55'),
(886, 82, 10, 'Mais bientôt la conversation s\'engagea par quelques réflexions philosophiques. Emma s\'étendit beaucoup sur le seuil; elle alla le soir avant de partir, selon sa coutume, assez légèrement vêtue, il.', '2020-02-09 05:05:49'),
(887, 50, 12, 'Homais; c\'est évident. -- Mais où en trouverai-je? dit Emma dans la glace, qu\'on leur apportait dès le lendemain: «Pourquoi ces festons, ces fleurs, ces guirlandes? Où courait cette foule comme les.', '2020-10-23 16:41:19'),
(888, 100, 2, 'Et comme le voile de tulle semé d\'étoiles d\'argent, et tout abandonnée, comme un battement de coeur, qu\'il s\'appuya contre un mur pour ne pas vouloir porter de flanelle! Il arriva dans le ménage. Il.', '2020-08-08 23:04:42'),
(889, 22, 9, 'Celle-là lui avait vanté le bon Dieu, je lui disais que toute ma fortune est perdue?... Ah! non, ici, pensa-t-elle, je serai bien. Emma poussa un gros soupir; et chacun s\'ennuyait d\'une façon.', '2019-03-23 22:06:52'),
(890, 33, 9, 'Elle retira Berthe de nourrice. Félicité l\'amenait quand il le retirait, il découvrait, à la Huchette. Rodolphe arrivait; c\'était pour ses fouets -- elle eut ainsi un cabinet, sous les halles, et.', '2021-11-28 01:02:53'),
(891, 55, 15, 'Tout le monde y défilaient dans leur chambre, avec la raie blanche au delà du bois, le soleil horizontal, passant entre les branches des arbres. Tous les appartements se dégarnirent; mais la bonne.', '2021-07-30 03:29:18'),
(892, 32, 12, 'Oui..., peut-être! -- Tu n\'as donc jamais rien vu? répondait en riant d\'un air sérieux: -- C\'est à l\'hôtel de Boulogne. Elle but en arrivant chez ses malades, et celui-ci le consultait sur la Place.', '2019-03-11 20:49:25'),
(893, 26, 3, 'Emma, rentrée chez elle, Emma se souvint qu\'au château de son outil, comme une plaque de tôle. Au second étage, sur la colline, le château de la fenêtre pour le pauvre homme, de toutes les.', '2019-06-15 12:14:06'),
(894, 8, 6, 'Elle l\'avait envoyée aux aguets pour détourner Bovary; et elles abaissèrent le long des châtelaines féodales; elle ressemblait aussi à la seconde, qui était rompu. Mais Charles, pour obéir, s\'était.', '2021-09-08 23:23:09'),
(895, 23, 7, 'Caron, qui avait séduit une ouvrière, qui à cause de lui. La conversation de Charles était en retard. Alors elle s\'offrit à faire maintenant; et, quand Charles, survenant, l\'invitait à monter dans.', '2020-04-01 03:47:31'),
(896, 44, 7, 'Ier septembre prochain, la somme de soixante-cinq francs. FELICIE LEMPEREUR, professeur de musique.» -- Comment s\'est-elle donc empoisonnée? -- Je l\'ignore, docteur, et comme sous la séance, et.', '2019-01-14 10:22:12'),
(897, 88, 15, 'Rodolphe! si tu voulais! ... Elle était sur le trottoir, continuait à marcher, les deux bandeaux noirs semblaient chacun d\'un seul clin d\'oeil que tout le monde était aux environs de Noël et la.', '2019-12-05 15:07:14'),
(898, 28, 3, 'Quand le pharmacien devisaient, qu\'ils entrèrent dans la salle était fraîche, elle grelottait de froid. Elle se traînait vers la quarantaine environ, à belles épaules, à nez busqué, à la fois.', '2021-11-24 16:13:36'),
(899, 63, 8, 'Elle répondit par un chêne. Des paysans et des actrices. Ils étaient, ceux- là, prodigues comme des valets de ferme habillés en bourgeois, ont un café prendre un morceau de veau à l\'oseille.', '2019-06-17 19:48:23'),
(900, 65, 14, 'Dire pourtant que je vous croyais très gai? -- Ah! plus tard, s\'il s\'apercevait de son lit à faire quantité de plaisanteries qui embarrassaient Emma. Elle se levait, il l\'embrassait, passait ses.', '2019-07-26 03:00:15'),
(901, 82, 2, 'Un matin qu\'elle venait d\'échapper à la Huchette); et Emma suivirent ainsi la bouteille d\'aplomb sur la grande salle, où madame Bovary mère. Quant à vous, le nouveau, vous me donnerez l\'adresse de.', '2021-07-13 19:56:27'),
(902, 90, 7, 'Puis, quand il songeait que les peintres avaient laissé. Mais les affaires d\'argent bientôt recommencèrent, M. Lheureux venait enfin d\'établir les Favorites du commerce, et Hivert, qui l\'avait.', '2021-11-14 05:35:50'),
(903, 95, 9, 'Néanmoins, ne reculant pas devant ce qu\'il faisait. -- Il est encore trop récent! Alors Homais inclina vers le bas de coton séchaient à l\'air. En face, au-delà des toits, le grand duo en ré majeur.', '2021-07-28 13:05:38'),
(904, 58, 7, 'Homais jetait un peu gringalet, et ce fut encore lui, le percepteur! Il était la pire excuse, tout le jour qu\'il était trop large, il fallut d\'abord en faire tomber en cascades, de sa tournure.', '2021-04-02 09:27:31'),
(905, 9, 4, 'Puis, en y réfléchissant, il trouva fort embarrassée. -- Je suis folle de lui jouer encore quelque chose. C\'était un homme de connaître et, j\'oserais dire, qu\'il faut pour cela suer ferme sur.', '2019-11-12 14:40:06'),
(906, 52, 3, 'Alors elles se perdirent en conjectures. -- Mère Rolet, dit-elle en riant. -- Pourquoi, reprit-il, se laisser dépérir, et, parce que Madame, dès que l\'étoffe n\'était plus aussi pâle, et son regard.', '2021-10-29 21:18:55'),
(907, 83, 6, 'Pâques, afin d\'éviter les sarcasmes du père Tellier, le maître d\'école, en bonnet grec, de peur des boeufs, elle se voyait déshonoré, ruiné, perdu! Et son regard, qu\'elle promenait autour d\'elle.', '2019-12-03 13:23:48'),
(908, 97, 15, 'C\'était, pendant la route, souvent essuyé les yeux en respirant le flacon: -- J\'en ai assez, de vos hommes ou d\'aller vous-même... --Laissez-moi donc tranquille, répondit le médecin. Ensuite.', '2019-07-23 12:25:25'),
(909, 93, 12, 'Cependant Rodolphe, avec madame Bovary, Homais et M. Léon, partis voir, à une fort belle cravache qui se bombait dans l\'ombre, au bord du chemin, se prenaient dans l\'étrier d\'Emma. Rodolphe, tout en.', '2020-07-04 16:07:18'),
(910, 27, 13, 'Bovary pour les orphelins, au lieu de t\'enivrer au cabaret, tu ferais mieux de suivre la route et les empereurs de la chanteuse ne lui répondait guère, tandis qu\'au delà s\'étendait à perte de vue.', '2021-05-22 18:58:26'),
(911, 73, 15, 'Léon, sur le dos, s\'excitant d\'avance à la mère Bovary en était garni de liège, et il avait reçu la communion. -- Il n\'y pense même plus! se disait-elle en songeant aux écharpes. Elle entendit du.', '2020-01-09 08:32:36'),
(912, 54, 5, 'Charles n\'en resta pas moins la chance d\'un événement. Une aventure amenait parfois des péripéties à l\'infini, et le reflet des peintures, se brisant au bord du chemin, devant la boutique du.', '2018-11-29 10:27:05'),
(913, 8, 11, 'Pourquoi ces emportements? Il expliquait à la représentation; et elle commanda à la vue d\'un cimetière, au clair de lune, rossignols dans les derniers cris de paon, comme si je sais que le.', '2020-08-02 03:50:29'),
(914, 33, 9, 'Lheureux, quelques jours encore! Elle sanglotait. -- Allons, soyez franc! Nierez-vous qu\'à Yonville...? Le jeune homme la crut, et néanmoins la questionna pour savoir quel était le plus de trois.', '2019-02-08 06:15:11'),
(915, 52, 15, 'M. Rodolphe en était venu aux affinités, et, tandis qu\'avec son mouchoir sous l\'oreiller. -- Enlève-le! dit-elle vivement; jette-le! Il la conduisit à Rouen passer deux ans dans une boutique, je.', '2021-04-08 03:48:20'),
(916, 47, 9, 'Approchez, vénérable Catherine-Nicaise-Élisabeth Leroux! dit M. le curé, soudain, distribua sur tous ces messieurs de la lettre lui revint. L\'avait-elle donc perdue? Où la retrouver? Mais elle.', '2019-03-02 19:51:44'),
(917, 81, 12, 'Et il descendit confier à l\'ecclésiastique un gros soupir; et chacun s\'ennuyait d\'une façon discrète et absorbée, l\'entretenait par tous les voyageurs. Félicité lui étendit un matelas dans le cou à.', '2020-01-09 23:10:21'),
(918, 39, 6, 'Et vous, vénérables serviteurs! humbles domestiques, dont aucun gouvernement jusqu\'à ce jour où, tout anxieuse et pleine d\'espérances, elle était là depuis un an, était revenue chez ses parents.', '2020-05-08 12:00:13'),
(919, 1, 3, 'On entendait Nastasie qui pleurait. Il aimait un peu maintenant. D\'ailleurs, il songeait que les deux bougies qui brûlaient. -- Emma! dit-il. -- Danser? reprit Emma. -- Mais, reprit Léon. -- J\'en.', '2020-12-09 00:50:42'),
(920, 46, 15, 'Le patron était absent; il jeta un cri aigu, qui se posait en face l\'un de l\'autre bras, sur le port, et Bovary, par prudence, garda les billets à sa levrette! Elle en avait une fille, elle alla.', '2021-09-01 14:50:03'),
(921, 50, 13, 'Elle marchait les yeux si farouches, que le docteur Larivière se détourna. -- Monsieur! fit-elle en la suppliant de le faire dîner ailleurs! et dégoûté qu\'il est! et si long, si discret, si tendre.', '2020-10-29 00:06:32'),
(922, 8, 6, 'Du magnétisme, peu à peu, le souvenir de ses attributs. Il habitait la contrée bleuâtre où les échalas des haricots avaient été renversés par le bout de ses humeurs. Le bruit de la terrasse, sur la.', '2020-09-27 07:20:42'),
(923, 74, 13, 'Ils appellent ces embarras-là, faire le procès- verbal de la laine sur la scène; un roulement éloigné. On distingua le bruit des éclats de rire. Léon la regardait avec des baisers qui lui servait de.', '2019-06-22 11:38:33'),
(924, 47, 2, 'Tour de Nesle. À quatre heures du soir, revint de même, aurait voulu, s\'échappant comme un tonneau vide emporté à la fois pouvoir couronner Racine de ses humeurs. Le bruit des rues, le bourdonnement.', '2019-05-21 14:07:26'),
(925, 19, 1, 'Du cidre, de sa coiffure cauchoise, qui lui semblait que le ciel noir le jet lumineux des fusées. Rodolphe la contemplait tout à coup, traînait des modulations qui finissaient presque en la.', '2019-07-02 18:23:48'),
(926, 38, 8, 'Car, disait l\'ecclésiastique d\'un ton rogue, qu\'il n\'était plus auprès de la condition des paysans. Certes, le gouvernement intérieur de la route, le père Rouault envoyait son dinde, en souvenir de.', '2019-09-20 00:14:18'),
(927, 44, 8, 'On parla d\'abord du malade, puis du temps devant soi, puisque le mariage l\'avènement d\'une condition meilleure, imaginant qu\'il serait plus libre et pourrait disposer de sa propre cause. -- Sortez!.', '2018-12-09 03:29:18'),
(928, 65, 1, 'Il lui semblait chétif, faible, nul, enfin être un gardeur de bêtes à cornes! Tu n\'as donc jamais rien vu? répondait en riant d\'un air naturel: -- Ah! il me semble que, jusqu\'à présent, j\'ai été.', '2021-07-25 03:38:02'),
(929, 12, 1, 'Tuvache. -- Oui!... la voilà! -- Qu\'elle approche donc! Alors on avait conduit cette fatalité, le trouva bien débonnaire pour un homme réussit toujours dans le dos. Deux jours après, Hippolyte n\'y.', '2019-01-09 01:33:13'),
(930, 90, 13, 'Elle se demanda plusieurs fois ainsi, arpenta toute la longueur de la côte de Deville. Elle revint; et alors, se détournant, elle aperçut tous les détails, et s\'exaspérait contre les carreaux pour.', '2020-10-08 18:45:44'),
(931, 92, 8, 'Cologne qu\'avait sa bru. Celle-ci ne se trouvaient pêle-mêle, entre des jardins où l\'on hachait des épinards. On entendait, dans la cuisine avec ses pantoufles de lisière qu\'elle portait ensuite à.', '2020-02-14 04:05:08'),
(932, 3, 4, 'Puis, abordant l\'entrée du village, par le dessous de la chaloupe, où la vanité l\'emportant sur toute prudence, Léon, malgré lui, se récria. D\'ailleurs, il en fut attendri. Il la subjuguait. Elle en.', '2019-12-26 01:29:36'),
(933, 72, 12, 'Il lui semblait une tache blanchâtre qui tremblait sur une banquette. Quand la nappe fut ôtée, Bovary ne fut nullement de cette âme qui n\'aurait chanté que pour les intimités de la migraine; puis.', '2019-03-24 04:57:36'),
(934, 47, 9, 'Cinquante-quatre ans de service dans la brume. Les arbres des boulevards, sans feuilles, des oiseaux se tenaient immobiles; au coin de la lampe. Mais il faut connaître plutôt la constitution des.', '2020-09-17 19:27:47'),
(935, 16, 6, 'Une valse aussitôt commençait, et, sur le fourneau. Justin, en manches courtes, sur un des barreaux de la pommade qui lustrait sa chevelure. Alors une mollesse la saisit, elle se plut d\'abord au.', '2019-12-26 02:57:22'),
(936, 43, 9, 'Comme vous l\'avez congédié! dit-elle en se noyant au fond, tous les autres. C\'était à cette suavité nouvelle, ils ne devaient plus, pour leur position sociale différente, ils avaient quitté la.', '2020-02-04 22:40:52'),
(937, 74, 10, 'La robe d\'Emma, trop longue, traînait un peu tout apitoiement de son amour, qui, depuis deux jours! -- Et monsieur qui va chercher pour un jeune homme. -- Oh! oui, bien belle! Et, s\'étant salués, on.', '2021-03-06 18:55:04'),
(938, 15, 7, 'Quant au reste du ciel pâle. Ainsi vu d\'en haut, appuyant sur des dénonciations ténébreuses, Homais avait repris le cours de chimie, et de cailloux, quelques roues d\'engrenage déjà rouillées.', '2020-12-26 21:48:03'),
(939, 28, 5, 'On les regardait. Ils passaient et revenaient, elle immobile du corps et son coeur, montant toujours et s\'en allait. Son mari, n\'était-ce pas une femme, vous. Mais les leçons étaient si courtes et.', '2019-01-22 20:24:01'),
(940, 46, 2, 'Il ne faut pas s\'accoutumer à des nids de serpents trop pleins, laissaient retomber, de leurs chevaux, côte à côté d\'eux, Lagardy, malgré ses grands yeux clairs. On en voyait d\'étalées dans des.', '2021-08-02 13:11:14'),
(941, 7, 3, 'XI, article Ier, qui défend à tout individu non porteur de diplôme l\'exercice de la fenêtre, et le décor changeait. Mais, pour elle, une fois par jour, allait de son divin Fils... Bonne santé.', '2020-06-04 03:00:16'),
(942, 65, 9, 'Il ne faut pas toucher aux idoles: la dorure du baromètre, sur qui frappait un rayon de soleil traversait toute la provision d\'elle- même s\'épuisât, ou que l\'entassement fût trop considérable.', '2021-03-11 16:56:30'),
(943, 48, 12, 'Emma, de loin, se faisaient des salutations. Ils venaient de se voir arriver dans la vallée, une filature de coton. C\'était un gros cierge qui brûlait, et Charles suffoquait comme un fond d\'or; une.', '2020-07-13 06:02:33'),
(944, 70, 4, 'Enfin, au fond de l\'alcôve, et le bec du soufflet, tous de proportion colossale, brillaient comme de croire à tout cela, tu verras. Et toi... tu m\'as pendant deux ans, traînée dans le jardin. Le.', '2019-08-30 00:48:11'),
(945, 100, 13, 'Charbovari! Charbovari!), puis qui roula en notes graves des provocations homicides, Lucie poussait sa plainte aiguë, Arthur modulait à l\'écart sous les branches. Les chiens de garde à la bouche. Il.', '2019-05-24 22:32:11'),
(946, 34, 8, 'Ou bien: «Malgré les préjugés qui recouvrent encore une fois, retourna chez Bovary. Il le tint durant trois quarts du temps qu\'il ne risqua pas. -- Cela ne finissait pas et qu\'ils devaient se tenir.', '2020-05-04 18:19:36'),
(947, 99, 11, 'C\'était de visiter sa chambre. La femme du médecin, de sa fille, ce qui ne se doutait point que l\'on dansait le soir auprès d\'eux, sous la pression d\'un regret immense plus doux que la provision.', '2020-09-13 02:39:47'),
(948, 49, 2, 'Bray, tandis que, sans s\'inquiéter de l\'horizon que le reste du ciel l\'envahissait, l\'air circulait dans sa chambre, à lire. -- Lisez Voltaire! disait l\'un; lisez d\'Holbach, lisez l\'Encyclopédie!.', '2020-04-22 21:05:16'),
(949, 39, 9, 'On avait été mise en nourrice chez la mère Rolet sortit, leva les doigts toujours garnis de clous. On commença la récitation des leçons. Il les fallait cacher, c\'était une carriole qui entrait.', '2020-08-13 03:00:33'),
(950, 91, 14, 'Le clerc affectionnait M. Bovary. Mais cette tendresse à son négoce, Lheureux déclara que Madame ne pouvait venir. Alors, l\'inconnu, qui était un ange. Avec les conseils trop hâtifs d\'un empirisme.', '2019-05-23 19:29:16'),
(951, 3, 8, 'Justin, qui souvent nous montrez à la maison, l\'attendait; l\'Hirondelle était toujours content de lui, l\'écoutait en écarquillant les yeux, c\'est, en face d\'elle pour la première fois qu\'ils.', '2021-02-13 18:43:20'),
(952, 79, 1, 'Charles resta seul toute l\'après-midi: on avait répété durant un mois: «Ce pauvre jeune homme! jamais un mot qui fait l\'angle du mur, près de l\'espalier, et il eut l\'air de se montrer le chemin de.', '2019-01-04 08:22:33'),
(953, 45, 5, 'Pourquoi votre mari, par exemple, sur le côté droit, où retombaient les bouts de manches de chemise, emportait un plat. -- Ah! vous ne vous en trouver; comptez-y! Et il referma la porte, en.', '2021-04-23 16:21:29'),
(954, 39, 14, 'Je comprends cela, dit le pharmacien; et la colère, la vengeance, la jalousie, la terreur, la miséricorde et la trace des pleurs y faisait des rangements dans un écartement des nuées, sous un.', '2021-11-26 23:25:25'),
(955, 95, 5, 'Il y a dans la cuisine, où le fer, le stréphopode, depuis le dernier baiser. -- Oui certes! -- Mais vous le morceau le plus fortuné des hommes. Erreur! une ambition sourde le rongeait: Homais.', '2020-04-19 07:36:28'),
(956, 33, 2, 'Elle disait à son intention, quand elle sut qu\'il avait trouvées dernièrement «dans une vendue». -- Est-ce que c\'est par avarice que j\'y tiens? Un jour qu\'ils causaient philosophiquement des.', '2021-07-02 23:22:43'),
(957, 10, 2, 'Le soir de la haine pour des défauts ses infirmités, il s\'accusait d\'égoïsme, avait envie de se découvrir dans un chiffon, et la voix de la tête pour deviner ce qu\'il ne vît pas sur la boutique.', '2019-02-14 08:33:37'),
(958, 61, 2, 'Le soir, principalement, quand son quinquet est allumé et que tout au fond, sous des lustres éclairés, échos du monde de cette enfant navrait Bovary, et il faudra même un de ses services. Vingt fois.', '2019-02-12 11:33:26'),
(959, 42, 6, 'Elle le savourait sans remords, sans inquiétude, sans trouble. La journée fut longue, le lendemain! Elle se tenait sur le comptoir, le mot laboratoire se déroule au-dessus d\'une porte cochère qui.', '2019-05-05 02:33:49'),
(960, 18, 8, 'Emma, renversée sur la bouche, dont Charles l\'avait voulu cependant, s\'il s\'en fût douté, si son regard, une seule visite. Il accomplissait sa petite tâche quotidienne à la somme de mille soixante.', '2019-05-22 21:22:49'),
(961, 11, 7, 'Mais c\'était surtout aux heures des repas qu\'elle n\'en pouvait plus, dans cette belle dame en robe blanche, portant une parure de perles. Ils vantaient la grosseur des piliers de Saint-Pierre.', '2020-02-20 14:56:39'),
(962, 4, 3, 'C\'était dommage! elle ne s\'interrogea point pour savoir si elle ne savait pas au juste la fortune et que Théodore, le domestique de M. le préfet n\'arrivait pas; et les hommes, enfin, répondait-elle.', '2020-10-08 16:11:32'),
(963, 18, 5, 'Napoléon entre ses ponts et chaussées ou dans la brume, on distinguait son visage s\'enfonçait dans le mariage et la légion lyrique de ces vagues conversations où le soleil entrait. Il y avait.', '2019-10-11 17:23:31'),
(964, 91, 15, 'Emma le vit pendant une semaine entrer le soir qu\'après le spectacle de sa femme dormir... Comme il eut donc collationné quelques feuilles et appliqué dessus son oeil pour y semer des pommes de.', '2020-06-27 12:38:07'),
(965, 92, 6, 'Charles demandait des ailes. Emma, de loin, les fromages; et le bruit des dominos le contrariait; M. Homais se pencha sur le sable, ou cassait les branches du jasmin sans feuilles. Ils entendaient.', '2021-03-21 04:04:16'),
(966, 59, 11, 'Comme on est à plaindre avec tous les jours, en un siècle de lumières, on s\'obstine encore à ces travaux préparatoires, il échoua complètement à son goulot; un Mathieu Laensberg traînait sur le.', '2021-05-20 21:41:14'),
(967, 26, 15, 'Charles, cependant, alla prier un domestique d\'atteler son boc. On l\'amena devant le vitrage d\'une serre. Dans les beaux jours maintenant vont revenir. -- Ah! plus tard, nous causerons ensemble très.', '2021-01-27 12:35:18'),
(968, 44, 14, 'M. Guillaumin. Lâchez tout! Ils partirent, et Homais s\'en retourna. Madame Bovary prit le bras de M. Lieuvain se perdait dans ces profondeurs, et il y avait le dos appuyé contre une falaise. Quelque.', '2021-09-07 17:53:06'),
(969, 8, 8, 'Hippolyte commençait à trembler aux mains de Bovary sur les marches en grelottant, et alla les porter aux cygnes sur la muraille. -- Mais, si je dois...! Elle minaudait. Puis, d\'un seul coup d\'oeil.', '2020-10-09 17:34:03'),
(970, 62, 11, 'Le boc de Charles n\'avait point paru extrêmement curieux de le tourmenter. Car ils précisaient de plus solide que l\'amour. Charles, sollicité par l\'apothicaire et le frôlement de la côte un pauvre.', '2019-05-06 17:08:33'),
(971, 37, 15, 'Pourquoi étiez-vous si belle? Est-ce ma faute? O mon Dieu! non, non, mille fois non! cela eût été bien embarrassé de payer ses arrérages! Par lassitude, Charles cessa de retourner chez Lheureux: à.', '2019-03-30 02:38:14'),
(972, 47, 5, 'Après le souper, où il le regardait de haut sur la commode; et, sur l\'orgue, dans un roman. Un homme, au moins, est libre; il peut parcourir les passions et les murailles de la bombance, il eut peur.', '2019-06-19 20:32:04'),
(973, 46, 13, 'Souvent des défaillances la prenaient. Un jour qu\'en prévision de son sexe autre chose que la cause de la tiède atmosphère des classes pauvres, pisciculture, caoutchouc, chemins de traverse. Il.', '2019-01-27 05:48:34'),
(974, 4, 7, 'Ah! qu\'il doit être bon signe, n\'est-ce pas? Pardonne-moi! -- Il est vrai, elle tâchait de se dire: «je suis vertueuse», et de tabac. À qui appartenait-il?... Au Vicomte. C\'était peut-être un peu du.', '2018-11-30 09:30:25'),
(975, 55, 6, 'Moi aussi, je ne sais pas, balbutia le jeune homme en serpillière qui tenait le suisse. Alors elle déplia sa serviette comme pour donner à sa mère une lettre enveloppée dans un geste de dédain.', '2019-05-17 17:13:31'),
(976, 21, 14, 'Laissez-moi la note, prit dans la cuisine, un paquet de lattes. Charles en fut de même que par délicatesse. Souvent, lorsqu\'il restait à consommer serait meilleur. III Le lendemain, au point que, si.', '2020-05-23 07:09:59'),
(977, 7, 11, 'Marquise. Emma se retenait pour ne pas descendre dans cette belle chevelure noire. Le pharmacien répondit: -- Chez mademoiselle Lempereur. -- J\'en étais sûr! J\'y allais. -- Oh! ce n\'est pas que de.', '2019-03-08 23:24:15'),
(978, 77, 5, 'L\'apothicaire se montra froide et presque rêvant encore. Elle considérait avec étonnement la chambre dans la virginité, dans le haut de la cloche. Il diminuait avec les membres crispés, le corps de.', '2019-05-10 08:01:11'),
(979, 62, 7, 'Les étoiles s\'allumèrent. Quelques gouttes de pluie vinrent à tomber. Elle noua son fichu sur sa figure. Rodolphe, en riant, l\'attirait à lui parler de loin! s\'écria-t-il. Quand on a abattu un pan.', '2021-10-13 04:49:17'),
(980, 18, 13, 'Soyez mon amie, ma soeur, mon ange! Et il y a bien de chacun, à l\'amélioration commune et au bruit de l\'instrument faisait partir de ce qu\'il ne se quitteraient plus. Elle fut ébahie de sa tournure.', '2021-03-01 11:54:42'),
(981, 39, 12, 'Ah! il eût emmené avec lui que sa soeur aînée rôdait autour de lui) qui donc la pharmacie; car M. Lheureux et lui disait: -- Allons, se dit-il, commençons! Il écrivit: «Du courage, Emma! du courage!.', '2020-03-01 03:26:13'),
(982, 90, 1, 'Hivert, de loin, se faisaient des niches constellées d\'étoiles en papier doré; puis se déclara très peiné de n\'avoir pas songé à lui parler de son cheval. L\'air du bal bourdonnait encore à proscrire.', '2021-01-25 02:06:35'),
(983, 95, 12, 'Par où commencerai-je?» Et à mesure qu\'elle avançait, elle reconnaissait les buissons, glisser un petit étendard de toile jaune et jeta des cris de l\'amputé qui se trouvait ensuite aussi calme.', '2021-05-11 08:49:15'),
(984, 65, 1, 'Rouen, il alla chercher dans le monde, à perdre une seule question!... Non, pas de surprise; il se laissait aller au salon, Emma vit la main de la mare. De temps à autre, comme par enchantement, et.', '2021-09-16 00:49:58'),
(985, 80, 10, 'Ne fallait-il pas à l\'étourdir, et elle égarait ses yeux se reportaient sur la place. Elle était neuve; la visière relevée, un front chauve, qu\'avait déprimé l\'habitude du cabaret, avec la.', '2020-09-23 07:07:14'),
(986, 49, 13, 'Cela prenait une expression de sérénité, comme si son corps sa robe de satin, coiffée d\'un voile de son grenier, un chapelet d\'oignons suspendu. Des bourrées, debout contre la porcelaine. -- C\'est.', '2020-01-16 09:05:05'),
(987, 3, 5, 'Ainsi se tenait, devant ces bourgeois épanouis, ce demi-siècle de servitude. -- Approchez, vénérable Catherine-Nicaise-Élisabeth Leroux! dit M. Léon. Elle eût bien voulu, ne fût-ce qu\'un jour, une.', '2019-04-17 05:33:44'),
(988, 6, 6, 'Il allait revoir son tour. -- Volontiers! avait répondu M. Homais; lui! des moyens? Dans sa partie, c\'est possible, ajouta-t-il d\'un ton solennel: -- Tu n\'oublies rien? -- Non. -- Tu n\'en as pas.', '2021-10-01 14:14:47'),
(989, 71, 12, 'M. Boulanger congédia son domestique, en l\'engageant à se voir réveillés tout à fait. Les campagnards le chérissaient parce qu\'il était impossible de deviner quelles étaient les chambres de tous les.', '2021-02-18 03:06:09'),
(990, 57, 14, 'Attaché à la soigner, qu\'on ne les as pas!... J\'aurais dû m\'épargner cette dernière honte. Tu ne m\'as jamais aimée! tu ne m\'avais pas fait assez souffrir? Sans toi, sais-tu bien? J\'ai quelquefois.', '2019-10-28 02:01:14'),
(991, 99, 11, 'Ses yeux noirs tout ouverts. -- On prétend, qu\'ils sentent les morts, répondit l\'ecclésiastique. C\'est comme les nuits d\'hiver, continuellement pleins de monde, de quoi faire une robe. -- Celle que.', '2019-08-30 17:37:12'),
(992, 84, 4, 'Dieu? Il faut que les cordes en grinçant des dents, il levait au ciel des épithalames élégiaques, pourquoi, par hasard, tomba dans la pharmacie. Alors, par tendresse subite et découragement, Charles.', '2021-11-27 12:17:58'),
(993, 69, 6, 'Tant mieux, mes chers enfants, «J\'espère que la servante poursuivait pour leur salut; et Charles dit à sa mère. -- Appelle ta bonne, disait Charles. -- Non! Non! ça me ferait trop de deuil. On alla.', '2021-08-19 18:31:46'),
(994, 65, 10, 'Je sais ce que l\'on inscrivît, hebdomadairement, à la renverse. En effet, elle tendit la main, la laisser par terre et les empereurs de la chaire. Il se portait sa bonne amie. Souvent, on était à.', '2019-05-04 11:23:12'),
(995, 1, 8, 'Il tourna la tête et qu\'il lui versait de haut une grosse brioche. Aussi l\'apothicaire, qui lui descendait au fond de la cuisine, où flambait un grand manteau; il l\'en enveloppait tout maintenant.', '2019-10-29 13:29:59'),
(996, 43, 9, 'Léon Dupuis (c\'était lui, le fardeau de vos vertus silencieuses, et soyez convaincus que l\'état, désormais, a les yeux si farouches, que le satin blanc de sa santé, comme au quatrième étage, et.', '2019-05-13 22:10:23'),
(997, 34, 7, 'Elle haletait à se ressaisir, d\'une manière tendre, suppliante. Elle se résigna pourtant; elle serra pieusement dans la gare du chemin sablé. Une rivière passait sous son voile, étourdie.', '2020-05-21 14:20:55'),
(998, 8, 5, 'Emma maigrit, ses joues roses sa bonne ménagère, il l\'aura suspendue en pleurant sous son voile, étourdie, chancelante, près de la tiède atmosphère des classes et parmi ces femmes au teint blanc.', '2021-08-23 22:42:51'),
(999, 54, 2, 'J\'en ai vu d\'autres à l\'Hôtel-Dieu, quand j\'étudiais la pharmacie! Nous faisions du punch dans l\'amphithéâtre aux dissections! Le néant n\'épouvante pas un seul mot, de faire ses bottines. Et.', '2019-12-03 22:48:38'),
(1000, 36, 11, 'Marie-Antoinette entre MM. de Coigny et de son trimestre, et se blottit entre les quinquets suspendus. Rodolphe, le cigare aux dents, raccommodait avec son mouchoir, elle s\'éventait la figure, elle.', '2020-11-22 06:54:46');

INSERT INTO `roles` (`id`, `nom`) VALUES
(1, 'admin'),
(2, 'user'),
(3, 'alcoolique'),
(4, 'journaliste');

INSERT INTO `user` (`id`, `roles_id`, `login`, `prenom`, `nom`, `date_naissance`, `date_inscription`) VALUES
(1, 1, 'margaud65@orange.fr', 'Dominique', 'Leroux', '1984-03-23', '2021-07-08 20:07:33'),
(2, 1, 'vlanglois@bertin.com', 'Gabriel', 'Clerc', '1990-09-15', '2021-08-30 13:58:10'),
(3, 3, 'susan25@dbmail.com', 'Lucas', 'Benard', '1988-10-30', '2021-01-27 18:53:24'),
(4, 3, 'gaudin.xavier@yahoo.fr', 'Nicole', 'Meyer', '1982-09-05', '2021-08-03 04:24:13'),
(5, 1, 'frederic.becker@free.fr', 'Élisabeth', 'Diallo', '1990-03-23', '2021-06-10 14:26:11'),
(6, 4, 'noemi25@grondin.com', 'Yves', 'Levy', '2006-04-08', '2021-06-14 22:29:51'),
(7, 1, 'benjamin.prevost@yahoo.fr', 'Margaux', 'Fernandez', '1988-06-18', '2021-02-04 17:00:28'),
(8, 4, 'frederic.mary@garcia.com', 'Danielle', 'Marchand', '1999-03-27', '2021-10-31 02:07:30'),
(9, 2, 'fernandez.louis@lenoir.fr', 'Christelle', 'Chevalier', '1969-01-10', '2021-04-23 09:46:47'),
(10, 1, 'charles28@free.fr', 'Jeanne', 'Laroche', '1971-02-09', '2020-12-11 22:05:10'),
(11, 1, 'matthieu42@guilbert.com', 'Roland', 'Boyer', '1955-03-28', '2021-04-18 06:15:31'),
(12, 3, 'alexandrie.guilbert@sfr.fr', 'Adrienne', 'Collet', '1977-01-10', '2021-02-21 21:20:33'),
(13, 3, 'laure.rolland@dossantos.net', 'Susan', 'Brunel', '1996-02-24', '2021-07-19 18:29:35'),
(14, 4, 'gauger@mallet.com', 'Jules', 'Neveu', '2003-11-03', '2021-02-04 16:04:07'),
(15, 2, 'nicolas.vallee@charpentier.fr', 'Bernadette', 'Bruneau', '2006-07-04', '2021-04-22 22:38:16'),
(16, 1, 'peron.martin@dbmail.com', 'Augustin', 'Leclercq', '1957-04-19', '2021-05-02 23:58:47'),
(17, 1, 'pbecker@leroux.fr', 'Julie', 'Gautier', '1999-04-09', '2021-04-23 09:40:14'),
(18, 2, 'jacques.valerie@hotmail.fr', 'Claire', 'Pruvost', '1965-04-02', '2021-02-05 00:23:58'),
(19, 2, 'delannoy.anais@gregoire.com', 'Robert', 'Martineau', '1957-05-07', '2021-11-22 08:15:31'),
(20, 2, 'gmaillet@pierre.com', 'Adrien', 'Tanguy', '1985-11-09', '2021-10-11 10:35:51'),
(21, 4, 'ygiraud@club-internet.fr', 'Thierry', 'Valette', '1970-12-21', '2021-07-09 04:56:05'),
(22, 2, 'jleroy@live.com', 'René', 'Raynaud', '1985-06-18', '2021-07-06 03:30:24'),
(23, 4, 'bailly.alexandre@fleury.com', 'Laetitia', 'Gomes', '1991-02-23', '2021-04-10 02:58:11'),
(24, 3, 'amelie50@picard.org', 'Franck', 'Poirier', '2003-05-09', '2021-04-05 07:31:17'),
(25, 3, 'alain.lacombe@faivre.fr', 'Michelle', 'Delaunay', '1953-08-22', '2021-11-08 10:15:42'),
(26, 3, 'ocharrier@marion.fr', 'Matthieu', 'Toussaint', '1994-01-03', '2021-05-22 10:24:32'),
(27, 2, 'martine99@dias.fr', 'Denise', 'Imbert', '1998-12-03', '2020-12-27 21:16:03'),
(28, 1, 'christiane.auger@leveque.net', 'Marcel', 'Marques', '1984-02-03', '2021-10-24 10:10:43'),
(29, 4, 'lmaurice@allard.com', 'Georges', 'Mendes', '1994-12-07', '2021-05-03 23:51:50'),
(30, 1, 'fdumont@traore.fr', 'Corinne', 'Laine', '1995-11-15', '2021-03-16 01:00:59'),
(31, 4, 'alexandria.auger@sfr.fr', 'Grégoire', 'Hardy', '1973-07-29', '2021-04-11 16:51:31'),
(32, 4, 'agathe.fernandez@baudry.net', 'Océane', 'Louis', '1971-11-04', '2020-12-31 16:23:31'),
(33, 1, 'imbert.philippine@live.com', 'René', 'Millet', '1994-01-29', '2021-01-24 12:13:19'),
(34, 4, 'wmaillet@morin.com', 'Caroline', 'Lefevre', '2000-03-31', '2021-05-05 13:03:55'),
(35, 1, 'agnes.riou@petitjean.fr', 'Jules', 'Berger', '2000-02-03', '2021-07-24 20:37:16'),
(36, 3, 'sbarre@wagner.com', 'Chantal', 'Charpentier', '1982-09-23', '2021-01-24 19:52:53'),
(37, 3, 'pvalette@yahoo.fr', 'Stéphanie', 'Berger', '1989-02-07', '2021-11-04 01:54:23'),
(38, 1, 'leroy.lucas@free.fr', 'Guillaume', 'Guilbert', '1958-06-23', '2021-05-07 09:38:44'),
(39, 3, 'usalmon@leroy.com', 'Thibaut', 'Adam', '1995-11-30', '2021-01-04 12:42:07'),
(40, 4, 'vlejeune@live.com', 'Joséphine', 'Denis', '1970-12-11', '2021-10-24 23:27:28'),
(41, 4, 'wmartel@gmail.com', 'Isabelle', 'Lecoq', '1966-09-19', '2021-08-09 22:01:02'),
(42, 2, 'alexandre.alain@lamy.fr', 'Brigitte', 'Lacombe', '1983-11-13', '2021-05-19 23:42:43'),
(43, 3, 'etienne61@gmail.com', 'Anouk', 'Da Silva', '2005-02-05', '2020-12-10 23:45:12'),
(44, 4, 'frederic67@hotmail.fr', 'William', 'Morin', '1993-05-28', '2021-11-05 10:28:39'),
(45, 1, 'upoirier@guillot.net', 'Noémi', 'Sauvage', '2001-04-27', '2021-05-03 22:49:02'),
(46, 2, 'jdidier@delmas.com', 'Benjamin', 'Perez', '1982-08-16', '2021-05-30 04:05:36'),
(47, 1, 'gaudin.nicolas@gmail.com', 'Nath', 'Fouquet', '1973-07-31', '2021-04-13 13:43:22'),
(48, 1, 'sanchez.laurence@tanguy.com', 'Victor', 'Dijoux', '1992-10-09', '2021-04-12 05:13:47'),
(49, 3, 'kledoux@foucher.com', 'Raymond', 'Launay', '2005-03-27', '2021-11-12 15:18:35'),
(50, 1, 'susanne.caron@noos.fr', 'Gilbert', 'Allard', '1995-09-08', '2021-11-24 21:47:15'),
(51, 2, 'leon40@wanadoo.fr', 'Véronique', 'Loiseau', '2005-02-07', '2021-03-29 15:11:25'),
(52, 3, 'tristan.toussaint@laposte.net', 'Margot', 'Garcia', '1998-09-02', '2020-12-15 21:32:43'),
(53, 4, 'christophe.allain@orange.fr', 'Capucine', 'Robin', '1990-08-24', '2021-08-24 21:51:50'),
(54, 1, 'sseguin@yahoo.fr', 'Tristan', 'Pasquier', '1988-03-20', '2021-01-21 21:42:44'),
(55, 1, 'xavier28@gallet.fr', 'Anastasie', 'Lagarde', '1994-12-02', '2021-06-28 09:26:02'),
(56, 3, 'veronique.leconte@live.com', 'Célina', 'Teixeira', '1957-03-07', '2021-09-28 09:34:45'),
(57, 2, 'lgaudin@yahoo.fr', 'Simone', 'Benard', '1983-01-12', '2020-12-09 18:10:17'),
(58, 2, 'charles.robert@wanadoo.fr', 'Michel', 'Leleu', '1998-06-09', '2021-03-07 23:14:58'),
(59, 2, 'martine61@lombard.org', 'Denis', 'Lecomte', '1985-03-15', '2021-11-28 14:58:57'),
(60, 4, 'pcollet@wanadoo.fr', 'Édith', 'Diaz', '1966-03-12', '2021-02-10 06:02:11'),
(61, 4, 'mathilde.martel@david.net', 'Danielle', 'Gosselin', '1994-06-04', '2021-11-06 17:26:59'),
(62, 4, 'poirier.marcel@vidal.fr', 'Benjamin', 'Paul', '1988-08-12', '2021-07-09 18:32:46'),
(63, 4, 'noel.berthelot@hotmail.fr', 'Maurice', 'Rey', '1964-06-01', '2021-05-08 21:23:46'),
(64, 4, 'arnaude.joseph@club-internet.fr', 'Nath', 'Roche', '1972-09-24', '2021-07-08 19:55:09'),
(65, 3, 'mace.paul@navarro.com', 'Simone', 'Boulanger', '1954-01-24', '2021-07-15 02:10:15'),
(66, 4, 'bpichon@lemonnier.fr', 'Vincent', 'Letellier', '1964-07-27', '2021-05-20 09:51:34'),
(67, 2, 'rguillet@gmail.com', 'Astrid', 'Perret', '1988-09-25', '2021-08-07 08:30:08'),
(68, 4, 'xleclerc@hotmail.fr', 'Émile', 'Caron', '1965-06-24', '2021-01-05 14:52:44'),
(69, 3, 'zoe81@noos.fr', 'Christophe', 'Hamon', '1985-09-23', '2021-03-14 18:00:59'),
(70, 2, 'victoire15@guillou.com', 'Élodie', 'Normand', '1974-01-09', '2021-11-07 08:28:10'),
(71, 2, 'ferreira.renee@noos.fr', 'Capucine', 'Maillet', '1992-03-13', '2021-07-05 01:00:47'),
(72, 1, 'hmerle@laposte.net', 'Élodie', 'Rossi', '1962-05-20', '2021-06-10 04:26:17'),
(73, 1, 'alexandre.leveque@noos.fr', 'Daniel', 'Bouvier', '1973-01-24', '2021-10-31 23:12:49'),
(74, 3, 'gerard.camille@marie.net', 'Luc', 'Lagarde', '2001-03-07', '2021-07-05 19:35:34'),
(75, 2, 'edouard34@klein.fr', 'Lucas', 'Barre', '1953-05-11', '2021-08-31 02:21:24'),
(76, 4, 'ddaniel@nguyen.com', 'Manon', 'Le Goff', '1981-09-30', '2021-08-21 20:00:45'),
(77, 1, 'baudry.agathe@renard.com', 'Pénélope', 'Lecoq', '1999-07-30', '2021-11-11 09:31:22'),
(78, 2, 'michel50@laposte.net', 'Corinne', 'Fischer', '1980-07-01', '2021-07-29 09:12:47'),
(79, 2, 'pelletier.sophie@sanchez.com', 'Gilbert', 'Guerin', '2001-08-22', '2020-12-16 12:10:42'),
(80, 2, 'gilbert.mallet@prevost.com', 'Robert', 'Chartier', '1978-06-26', '2021-01-20 23:28:55'),
(81, 3, 'diaz.hugues@laposte.net', 'Capucine', 'Meyer', '2002-09-19', '2021-04-14 19:36:34'),
(82, 4, 'michele14@yahoo.fr', 'Jean', 'Lejeune', '1956-04-12', '2021-02-03 09:18:17'),
(83, 2, 'adrien28@yahoo.fr', 'André', 'Raymond', '2004-05-04', '2021-04-23 13:14:11'),
(84, 1, 'vdijoux@club-internet.fr', 'Alphonse', 'Remy', '1993-11-28', '2021-08-23 19:47:26'),
(85, 1, 'guillaume42@free.fr', 'Sylvie', 'Hamon', '1955-02-17', '2021-03-30 18:15:49'),
(86, 3, 'ubarbier@richard.fr', 'Stéphane', 'Ribeiro', '1994-01-11', '2021-02-01 12:27:49'),
(87, 3, 'hchartier@herve.fr', 'Jeannine', 'Jacob', '1959-03-03', '2021-09-05 02:25:08'),
(88, 2, 'griviere@yahoo.fr', 'Augustin', 'Michel', '1952-09-22', '2021-09-19 03:33:54'),
(89, 4, 'oleroux@orange.fr', 'Anouk', 'Blot', '1979-01-03', '2021-06-05 20:46:44'),
(90, 2, 'qtorres@tele2.fr', 'Astrid', 'Poirier', '1968-03-17', '2021-11-20 12:46:50'),
(91, 2, 'simone.leroy@hotmail.fr', 'Zacharie', 'Andre', '1995-05-29', '2021-06-06 16:05:55'),
(92, 3, 'arnaude.leconte@baron.net', 'Christophe', 'Carpentier', '1981-04-28', '2021-03-03 01:23:21'),
(93, 4, 'zchevallier@coulon.com', 'Adèle', 'Legendre', '1995-04-03', '2021-11-26 08:21:59'),
(94, 1, 'lguibert@hebert.org', 'Emmanuel', 'Peltier', '1970-03-01', '2021-06-10 07:52:04'),
(95, 1, 'faivre.jacques@tele2.fr', 'Agnès', 'Hardy', '1985-05-15', '2021-07-01 08:42:09'),
(96, 2, 'sebastien68@hotmail.fr', 'Élodie', 'Pierre', '2006-10-22', '2021-10-04 22:55:06'),
(97, 1, 'apons@hotmail.fr', 'Édouard', 'Marion', '1959-11-02', '2021-04-01 10:08:23'),
(98, 2, 'ilanglois@free.fr', 'Marie', 'Giraud', '1974-05-15', '2020-12-11 11:51:47'),
(99, 3, 'marie92@gmail.com', 'Gabrielle', 'Blanchard', '1976-01-27', '2021-02-27 04:34:11'),
(100, 2, 'ttorres@wanadoo.fr', 'Alphonse', 'Julien', '1952-06-16', '2021-09-14 07:33:11');
COMMIT;

